id,year,rank,overall_pick,team,player,college,years_active,games,minutes_played,points,total_rebounds,assists,field_goal_percentage,3_point_percentage,free_throw_percentage,average_minutes_played,points_per_game,average_total_rebounds,average_assists,win_shares,win_shares_per_48_minutes,box_plus_minus,value_over_replacement,umap1,umap2,metric_value,quartile
6,1989,6,6,CHI,Stacey King,Oklahoma,8.0,438.0,7406.0,2819.0,1460.0,387.0,0.478,0.235,0.707,16.9,6.4,3.3,0.9,10.9,0.071,-3.4,-2.7,-1.4402204,6.6404247,10.9,2
9,1989,9,9,WSB,Tom Hammonds,Georgia Tech,12.0,687.0,10419.0,3617.0,2243.0,378.0,0.48,0.0,0.691,15.2,5.3,3.3,0.6,14.7,0.068,-3.8,-4.7,0.7965984,7.6411004,14.7,2
15,1989,15,15,DEN,Todd Lichti,Stanford,5.0,237.0,4240.0,1870.0,505.0,325.0,0.46,0.244,0.789,17.9,7.9,2.1,1.4,5.6,0.063,-2.5,-0.5,-3.8872373,3.3233361,5.6,2
27,1989,27,27,DET,Kenny Battle,Illinois,4.0,134.0,1795.0,627.0,327.0,106.0,0.504,0.133,0.725,13.4,4.7,2.4,0.8,3.7,0.098,-0.4,0.7,-3.7886484,-1.6371287,3.7,2
37,1989,37,37,ORL,Michael Ansley,Alabama,3.0,149.0,2143.0,1026.0,621.0,67.0,0.513,0.0,0.722,14.4,6.9,4.2,0.4,6.4,0.142,-1.0,0.6,2.1225328,4.842269,6.4,2
38,1989,38,38,MIN,Doug West,Villanova,12.0,676.0,16649.0,6477.0,1670.0,1292.0,0.481,0.191,0.801,24.6,9.6,2.5,1.9,17.7,0.051,-3.0,-4.2,-1.2968858,9.521913,17.7,2
40,1989,40,40,BOS,Dino Radja,International,4.0,224.0,7308.0,3733.0,1883.0,356.0,0.497,0.0,0.735,32.6,16.7,8.4,1.6,14.3,0.094,-0.4,3.0,1.5503238,6.129701,14.3,2
43,1989,43,43,CLE,Chucky Brown,NC State,13.0,694.0,11962.0,4125.0,2148.0,549.0,0.491,0.227,0.699,17.2,5.9,3.1,0.8,19.0,0.076,-2.7,-2.0,-0.9527706,8.056965,19.0,2
49,1989,49,49,ATL,Haywoode Workman,Oral Roberts,8.0,359.0,7202.0,1967.0,819.0,1410.0,0.419,0.323,0.764,20.1,5.5,2.3,3.9,10.7,0.071,-0.7,2.4,-3.3708487,6.6231847,10.7,2
60,1990,6,6,MIN,Felton Spencer,Louisville,12.0,640.0,12298.0,3354.0,3436.0,213.0,0.484,0.0,0.658,19.2,5.2,5.4,0.3,20.9,0.081,-4.3,-7.0,0.8024152,8.060713,20.9,2
61,1990,7,7,SAC,Lionel Simmons,La Salle,7.0,454.0,13472.0,5833.0,2833.0,1498.0,0.433,0.305,0.771,29.7,12.8,6.2,3.3,16.9,0.06,0.0,6.7,-2.5781057,9.555478,16.9,2
63,1990,9,9,MIA,Willie Burton,Minnesota,8.0,316.0,6666.0,3243.0,932.0,393.0,0.424,0.345,0.786,21.1,10.3,2.9,1.2,9.1,0.065,-2.5,-0.9,-3.663414,5.704122,9.1,2
64,1990,10,10,ATL,Rumeal Robinson,Michigan,6.0,336.0,6098.0,2546.0,606.0,1179.0,0.432,0.344,0.611,18.1,7.6,1.8,3.5,5.2,0.041,-1.5,0.8,-3.195284,5.8753157,5.2,2
72,1990,18,18,SAC,Duane Causwell,Temple,11.0,541.0,9409.0,2648.0,2273.0,243.0,0.507,0.286,0.618,17.4,4.9,4.2,0.4,15.8,0.081,-2.3,-0.7,-1.5126461,7.847118,15.8,2
75,1990,21,21,PHO,Jayson Williams,St. John's,9.0,475.0,9805.0,3472.0,3584.0,287.0,0.44,0.125,0.606,20.6,7.3,7.5,0.6,20.0,0.098,-2.8,-2.1,-0.07284546,7.863379,20.0,2
77,1990,23,23,SAC,Anthony Bonner,Saint Louis,6.0,318.0,7372.0,2199.0,1726.0,442.0,0.468,0.125,0.59,23.2,6.9,5.4,1.4,10.8,0.07,-2.0,0.1,-0.4681741,6.3314404,10.8,2
79,1990,25,25,POR,Alaa Abdelnaby,Duke,5.0,256.0,3200.0,1465.0,846.0,85.0,0.502,0.0,0.701,12.5,5.7,3.3,0.3,4.8,0.072,-3.8,-1.5,2.0185747,5.2889314,4.8,2
84,1990,30,30,MIA,Carl Herrera,Houston,8.0,465.0,8042.0,2481.0,1690.0,261.0,0.476,0.143,0.643,17.3,5.3,3.6,0.6,9.0,0.054,-3.7,-3.4,-0.70690334,6.4775834,9.0,2
85,1990,31,31,PHO,Negele Knight,Dayton,6.0,276.0,4513.0,1699.0,351.0,780.0,0.436,0.263,0.73,16.4,6.2,1.3,2.8,4.2,0.044,-3.0,-1.1,-2.9768853,4.548313,4.2,2
89,1990,35,35,WSB,Greg Foster,Texas-El Paso,13.0,656.0,7974.0,2538.0,1691.0,351.0,0.44,0.225,0.748,12.2,3.9,2.6,0.5,5.6,0.033,-5.5,-7.0,-1.0868554,6.7687774,5.6,2
92,1990,38,38,SEA,Jud Buechler,Arizona,12.0,720.0,8444.0,2385.0,1266.0,560.0,0.433,0.366,0.633,11.7,3.3,1.8,0.8,16.5,0.094,-0.1,4.0,-2.8660192,7.9483156,16.5,2
96,1990,42,42,DEN,Marcus Liberty,Illinois,4.0,267.0,4568.0,1942.0,925.0,244.0,0.417,0.34,0.664,17.1,7.3,3.5,0.9,4.0,0.042,-2.6,-0.7,-4.0246243,3.660759,4.0,2
97,1990,43,43,SAS,Tony Massenburg,Maryland,13.0,683.0,12291.0,4238.0,2964.0,266.0,0.47,0.091,0.705,18.0,6.2,4.3,0.4,15.6,0.061,-4.5,-7.8,0.05493226,8.1778145,15.6,2
98,1990,44,44,MIL,Steve Henson,Kansas State,7.0,238.0,2282.0,739.0,176.0,465.0,0.403,0.432,0.869,9.6,3.1,0.7,2.0,3.8,0.079,-1.8,0.1,-1.6678517,3.645018,3.8,2
100,1990,46,46,IND,Kenny Williams,Elizabeth City State University,4.0,260.0,2918.0,1247.0,693.0,161.0,0.511,0.0,0.68,11.2,4.8,2.7,0.6,7.4,0.122,0.1,1.5,2.0298479,5.2664733,7.4,2
101,1990,47,47,PHI,Derek Strong,Xavier,10.0,456.0,8548.0,3088.0,2213.0,291.0,0.43,0.18,0.786,18.7,6.8,4.9,0.6,18.5,0.104,-2.1,-0.3,-0.9174601,6.9428616,18.5,2
105,1990,51,51,LAL,Tony Smith,Marquette,9.0,457.0,7295.0,2504.0,735.0,881.0,0.431,0.307,0.69,16.0,5.5,1.6,1.9,6.7,0.044,-2.0,0.0,-3.3527977,6.561036,6.7,2
115,1991,7,7,MIN,Luc Longley,New Mexico,10.0,567.0,12006.0,4090.0,2794.0,836.0,0.462,0.0,0.76,21.2,7.2,4.9,1.5,17.5,0.07,-2.6,-1.9,0.5896212,7.863879,17.5,2
125,1991,17,17,GSW,Victor Alexander,Iowa State,5.0,286.0,5755.0,2542.0,1384.0,257.0,0.518,0.286,0.634,20.1,8.9,4.8,0.9,8.8,0.073,-2.2,-0.3,-4.7457223,3.9210267,8.8,2
131,1991,23,23,ORL,Stanley Roberts,LSU,8.0,300.0,5869.0,2555.0,1549.0,189.0,0.499,0.0,0.514,19.6,8.5,5.2,0.6,8.1,0.066,-3.4,-2.0,1.1858181,5.823658,8.1,2
135,1991,27,27,SAC,Pete Chilcutt,UNC,9.0,584.0,8394.0,2494.0,1935.0,488.0,0.441,0.381,0.696,14.4,4.3,3.3,0.8,10.6,0.06,-1.8,0.3,-2.9209306,7.816981,10.6,2
139,1991,31,31,SAC,Randy Brown,New Mexico State,12.0,655.0,11533.0,3148.0,1173.0,1420.0,0.417,0.2,0.691,17.6,4.8,1.8,2.2,11.0,0.046,-1.9,0.2,-2.9258354,8.07737,11.0,2
143,1991,35,35,DAL,Mike Iuzzolino,Saint Francis University,2.0,122.0,3049.0,1096.0,238.0,522.0,0.457,0.404,0.798,25.0,9.0,2.0,4.3,3.7,0.058,-1.9,0.1,-1.9953725,3.6776102,3.7,2
145,1991,37,37,LAC,Elliot Perry,Memphis,10.0,549.0,9501.0,3449.0,742.0,1699.0,0.459,0.359,0.783,17.3,6.3,1.4,3.1,14.0,0.071,-0.5,3.6,-4.20151,9.037175,14.0,2
154,1991,46,46,PHO,Richard Dumas,Oklahoma State,3.0,102.0,2226.0,1080.0,351.0,111.0,0.509,0.231,0.694,21.8,10.6,3.4,1.1,4.5,0.097,-0.2,1.0,-3.7884572,-0.700964,4.5,2
156,1991,48,48,UTA,Isaac Austin,Arizona State,9.0,432.0,8350.0,3285.0,2030.0,538.0,0.446,0.176,0.67,19.3,7.6,4.7,1.2,9.2,0.053,-2.5,-1.0,-0.86207926,6.9785585,9.2,2
170,1992,8,8,MIL,Todd Day,Arkansas,8.0,483.0,12214.0,5917.0,1649.0,713.0,0.406,0.345,0.739,25.3,12.3,3.4,1.5,17.5,0.069,-0.9,3.4,-3.0779474,8.67917,17.5,2
174,1992,12,12,MIA,Harold Miner,USC,4.0,200.0,3748.0,1801.0,432.0,245.0,0.46,0.311,0.785,18.7,9.0,2.2,1.2,4.2,0.053,-3.0,-0.9,-3.1246033,3.1949296,4.2,2
176,1992,14,14,IND,Malik Sealy,St. John's,8.0,493.0,11720.0,4955.0,1585.0,816.0,0.426,0.292,0.809,23.8,10.1,3.2,1.7,17.1,0.07,-1.2,2.2,-3.15342,8.724615,17.1,2
181,1992,19,19,DET,Don MacLean,UCLA,9.0,319.0,6679.0,3490.0,1210.0,404.0,0.455,0.284,0.765,20.9,10.9,3.8,1.3,9.4,0.067,-2.5,-0.9,-4.0541897,5.3298407,9.4,2
184,1992,22,22,PHO,Oliver Miller,Arkansas,9.0,493.0,11338.0,3625.0,2893.0,1061.0,0.534,0.116,0.639,23.0,7.4,5.9,2.2,21.1,0.089,0.6,7.4,-0.2603121,7.5116425,21.1,2
185,1992,23,23,MIL,Lee Mayberry,Arkansas,7.0,496.0,10337.0,2546.0,642.0,1767.0,0.415,0.377,0.659,20.8,5.1,1.3,3.6,7.9,0.036,-2.9,-2.3,-4.1328917,8.750286,7.9,2
189,1992,27,27,CHI,Byron Houston,Oklahoma State,4.0,214.0,2674.0,835.0,648.0,114.0,0.456,0.256,0.676,12.5,3.9,3.0,0.5,3.9,0.069,-3.9,-1.3,-4.2847357,2.6349077,3.9,2
192,1992,30,30,DAL,Sean Rooks,Arizona,12.0,749.0,13560.0,4676.0,2877.0,631.0,0.459,0.091,0.699,18.1,6.2,3.8,0.8,16.2,0.057,-2.9,-3.1,-0.098916136,8.449448,16.2,2
194,1992,32,32,WSB,Brent Price,Oklahoma,9.0,418.0,7007.0,2481.0,684.0,1236.0,0.426,0.387,0.824,16.8,5.9,1.6,3.0,12.0,0.082,-0.8,2.2,-3.8793056,7.30632,12.0,2
205,1992,43,43,GSW,Sasha Danilović,International,2.0,75.0,2331.0,957.0,182.0,149.0,0.439,0.379,0.789,31.1,12.8,2.4,2.0,4.2,0.087,-0.7,0.8,-1.2485055,2.4498186,4.2,2
229,1993,13,13,LAC,Terry Dehere,Seton Hall,6.0,402.0,7305.0,3235.0,588.0,1034.0,0.411,0.378,0.779,18.2,8.0,1.5,2.6,7.3,0.048,-2.6,-1.1,-3.889067,6.9591455,7.3,2
232,1993,16,16,NJN,Rex Walters,Kansas,7.0,335.0,4602.0,1547.0,403.0,569.0,0.441,0.361,0.809,13.7,4.6,1.2,1.7,6.3,0.066,-2.0,0.0,-2.7015033,5.280669,6.3,2
236,1993,20,20,CHH,Scott Burrell,UConn,8.0,383.0,7592.0,2647.0,1332.0,527.0,0.418,0.373,0.723,19.8,6.9,3.5,1.4,16.4,0.104,0.7,5.2,-3.8050914,6.3931546,16.4,2
237,1993,21,21,POR,James Robinson,Alabama,7.0,381.0,6935.0,2882.0,660.0,715.0,0.394,0.348,0.666,18.2,7.6,1.7,1.9,5.8,0.04,-2.0,0.0,-3.5255995,6.055021,5.8,2
241,1993,25,25,CHI,Corie Blount,Cincinnati,11.0,644.0,9925.0,2287.0,2690.0,460.0,0.471,0.115,0.587,15.4,3.6,4.2,0.7,18.2,0.088,-2.5,-1.1,-0.06173371,7.847153,18.2,2
246,1993,30,30,WSB,Gheorghe Mureșan,International,6.0,307.0,6729.0,3020.0,1957.0,150.0,0.573,0.0,0.644,21.9,9.8,6.4,0.5,19.0,0.136,-0.3,2.9,1.4084959,6.356448,19.0,2
263,1993,47,47,SAS,Chris Whitney,Clemson,11.0,579.0,10052.0,3738.0,815.0,1613.0,0.395,0.361,0.875,17.4,6.5,1.4,2.8,21.2,0.101,-0.2,4.6,-4.027439,9.454252,21.2,2
277,1994,7,7,LAC,Lamond Murray,California,11.0,736.0,18477.0,8286.0,3033.0,978.0,0.43,0.36,0.759,25.1,11.3,4.1,1.3,19.8,0.052,-1.2,4.0,-1.1408452,10.723003,19.8,2
279,1994,9,9,BOS,Eric Montross,UNC,8.0,465.0,8479.0,2071.0,2159.0,207.0,0.49,0.0,0.478,18.2,4.5,4.6,0.4,8.5,0.048,-4.4,-5.2,1.1814333,6.61566,8.5,2
281,1994,11,11,SEA,Carlos Rogers,Tennessee State,8.0,298.0,5654.0,2196.0,1272.0,182.0,0.536,0.258,0.562,19.0,7.4,4.3,0.6,11.1,0.095,-1.0,1.5,-4.882968,3.6727388,11.1,2
282,1994,12,12,MIA,Khalid Reeves,Arizona,6.0,277.0,5837.0,2167.0,580.0,886.0,0.416,0.363,0.744,21.1,7.8,2.1,3.2,8.4,0.069,-1.3,1.0,-2.8935392,5.202892,8.4,2
286,1994,16,16,GSW,Clifford Rozier,Louisville,4.0,173.0,2984.0,827.0,897.0,98.0,0.496,0.182,0.465,17.2,4.8,5.2,0.6,3.9,0.063,-3.5,-1.1,-4.3703012,-1.6240263,3.9,2
291,1994,21,21,CHI,Dickey Simpkins,Providence,7.0,327.0,5201.0,1388.0,1187.0,305.0,0.44,0.222,0.618,15.9,4.2,3.6,0.9,4.7,0.044,-4.5,-3.3,-1.9303861,5.4835134,4.7,2
294,1994,24,24,NYK,Monty Williams,Notre Dame,9.0,456.0,7624.0,2884.0,1296.0,544.0,0.481,0.111,0.665,16.7,6.3,2.8,1.2,11.4,0.072,-1.8,0.3,-0.576482,6.433884,11.4,2
295,1994,25,25,LAC,Greg Minor,Louisville,5.0,277.0,5144.0,1902.0,741.0,384.0,0.478,0.226,0.767,18.6,6.9,2.7,1.4,8.2,0.077,-1.5,0.7,-4.0613766,3.5332806,8.2,2
300,1994,30,30,MIN,Howard Eisley,Boston College,12.0,786.0,16013.0,5116.0,1324.0,2748.0,0.407,0.35,0.827,20.4,6.5,1.7,3.5,19.5,0.058,-1.7,1.3,-3.2197454,12.011479,19.5,2
302,1994,32,32,WSB,Jim McIlvaine,Marquette,7.0,401.0,5927.0,1072.0,1243.0,105.0,0.446,0.1,0.551,14.8,2.7,3.1,0.3,9.4,0.076,-2.2,-0.3,-0.07005158,6.1165886,9.4,2
309,1994,39,39,GSW,Anthony Miller,Michigan State,8.0,181.0,1637.0,510.0,488.0,66.0,0.51,0.25,0.576,9.0,2.8,2.7,0.4,3.8,0.11,-2.6,-0.2,-4.1658344,-0.23534247,3.8,2
321,1994,51,51,SAC,Lawrence Funderburke,Ohio State,7.0,318.0,4726.0,2031.0,1142.0,183.0,0.506,0.118,0.675,14.9,6.4,3.6,0.6,12.9,0.131,-0.5,1.8,-0.7600336,5.9772167,12.9,2
322,1994,52,52,PHO,Anthony Goldwire,Houston,8.0,266.0,4951.0,1667.0,359.0,737.0,0.407,0.386,0.792,18.6,6.3,1.3,2.8,6.4,0.062,-1.8,0.3,-2.5227168,4.955641,6.4,2
324,1994,54,54,SEA,Željko Rebrača,International,5.0,215.0,3280.0,1276.0,688.0,88.0,0.527,0.0,0.792,15.3,5.9,3.2,0.4,8.3,0.121,-2.2,-0.2,2.1185997,5.0696597,8.3,2
330,1995,6,6,VAN,Bryant Reeves,Oklahoma State,6.0,395.0,12071.0,4945.0,2745.0,623.0,0.475,0.074,0.703,30.6,12.5,6.9,1.6,13.0,0.052,-3.4,-4.3,0.029173242,7.6500025,13.0,2
336,1995,12,12,DAL,Cherokee Parks,Duke,9.0,472.0,7459.0,2056.0,1703.0,265.0,0.47,0.211,0.63,15.8,4.4,3.6,0.6,11.8,0.076,-2.4,-0.7,-1.0411754,6.680736,11.8,2
344,1995,20,20,CHI,Jason Caffey,Alabama,8.0,462.0,9045.0,3368.0,2022.0,420.0,0.481,0.0,0.637,19.6,7.3,4.4,0.9,13.5,0.072,-3.6,-3.6,1.2313975,6.6779346,13.5,2
358,1995,34,34,GSW,Andrew DeClercq,Florida,10.0,587.0,9847.0,2815.0,2488.0,339.0,0.507,0.0,0.621,16.8,4.8,4.2,0.6,19.3,0.094,-2.9,-2.4,0.992965,7.3769183,19.3,2
371,1995,47,47,SAC,Tyus Edney,UCLA,4.0,226.0,4743.0,1728.0,393.0,910.0,0.405,0.322,0.806,21.0,7.6,1.7,4.0,6.8,0.068,-1.5,0.7,-2.6699297,4.925386,6.8,2
380,1995,56,56,PHO,Chris Carr,Southern Illinois,6.0,297.0,4505.0,1988.0,658.0,294.0,0.416,0.338,0.807,15.2,6.7,2.2,1.0,3.9,0.042,-3.0,-1.1,-3.5239658,4.611572,3.9,2
382,1995,58,58,DET,Don Reid,Georgetown,8.0,403.0,5374.0,1454.0,1169.0,143.0,0.53,0.0,0.658,13.3,3.6,2.9,0.4,13.7,0.123,-2.1,-0.2,1.5388333,5.8994718,13.7,2
391,1996,9,9,DAL,Samaki Walker,Louisville,10.0,445.0,7612.0,2376.0,2089.0,252.0,0.462,0.111,0.63,17.1,5.3,4.7,0.6,14.2,0.089,-2.6,-1.1,-0.47988784,6.5005026,14.2,2
394,1996,12,12,CLE,Vitaly Potapenko,Wright State University,11.0,610.0,11608.0,3995.0,2725.0,418.0,0.479,0.167,0.694,19.0,6.5,4.5,0.7,15.5,0.064,-4.0,-5.9,-0.4853924,8.098968,15.5,2
398,1996,16,16,CHH,Tony Delk,Kentucky,10.0,545.0,11702.0,4957.0,1351.0,1024.0,0.408,0.343,0.769,21.5,9.1,2.5,1.9,19.5,0.08,-0.4,4.8,-3.296502,8.661242,19.5,2
400,1996,18,18,NYK,John Wallace,Syracuse,7.0,381.0,6143.0,2901.0,1061.0,281.0,0.462,0.3,0.74,16.1,7.6,2.8,0.7,6.4,0.05,-2.7,-1.0,-4.097994,5.183652,6.4,2
401,1996,19,19,NYK,Walter McCarty,Kentucky,10.0,593.0,10374.0,3056.0,1554.0,670.0,0.392,0.346,0.698,17.5,5.2,2.6,1.1,13.7,0.064,-1.7,0.8,-2.8841326,8.1266985,13.7,2
411,1996,29,29,CHI,Travis Knight,UConn,7.0,371.0,4566.0,1276.0,1160.0,224.0,0.438,0.259,0.696,12.3,3.4,3.1,0.6,7.9,0.083,-3.0,-1.1,-1.9443476,5.583378,7.9,2
415,1996,33,33,MIL,Moochie Norris,University of West Florida,9.0,445.0,7640.0,2272.0,868.0,1233.0,0.401,0.286,0.74,17.2,5.1,2.0,2.8,10.0,0.063,-1.4,1.2,-3.4672747,7.0492563,10.0,2
430,1996,48,48,PHI,Jamie Feick,Michigan State,5.0,201.0,4316.0,911.0,1437.0,139.0,0.424,0.4,0.629,21.5,4.5,7.1,0.7,8.2,0.091,-2.7,-0.7,-4.0194674,3.7587826,8.2,2
446,1997,6,6,BOS,Ron Mercer,Kentucky,8.0,432.0,13418.0,5892.0,1342.0,921.0,0.429,0.25,0.808,31.1,13.6,3.1,2.1,9.4,0.034,-2.7,-2.5,-3.2795148,8.831515,9.4,2
448,1997,8,8,GSW,Adonal Foyle,Colgate,12.0,733.0,13060.0,2989.0,3461.0,344.0,0.477,0.0,0.499,17.8,4.1,4.7,0.5,18.7,0.069,-1.7,1.1,0.9748815,8.240874,18.7,2
451,1997,11,11,SAC,Tariq Abdul-Wahad,San Jose State,6.0,236.0,4807.0,1830.0,776.0,266.0,0.417,0.237,0.703,20.4,7.8,3.3,1.1,3.5,0.035,-3.0,-1.2,-3.9005005,3.309307,3.5,2
454,1997,14,14,LAC,Maurice Taylor,Michigan,9.0,534.0,13324.0,5889.0,2452.0,623.0,0.466,0.152,0.711,25.0,11.0,4.6,1.2,9.9,0.036,-3.6,-5.3,-0.6483514,8.0003195,9.9,2
467,1997,27,27,UTA,Jacque Vaughn,Kansas,12.0,776.0,12658.0,3463.0,1028.0,1919.0,0.429,0.352,0.779,16.3,4.5,1.3,2.5,15.4,0.058,-3.4,-4.5,-3.437772,11.016143,15.4,2
477,1997,37,37,GSW,Marc Jackson,Temple,7.0,387.0,7572.0,3238.0,1655.0,311.0,0.446,0.226,0.814,19.6,8.4,4.3,0.8,13.0,0.082,-2.7,-1.4,-1.5459232,6.492578,13.0,2
488,1997,48,48,WAS,Predrag Drobnjak,International,4.0,278.0,5542.0,2187.0,973.0,225.0,0.425,0.34,0.799,19.9,7.9,3.5,0.8,5.6,0.048,-3.0,-1.3,-3.6719787,4.636709,5.6,2
490,1997,50,50,ATL,Chris Crawford,Marquette,7.0,252.0,3985.0,1654.0,547.0,154.0,0.437,0.347,0.824,15.8,6.6,2.2,0.6,6.5,0.078,-2.6,-0.6,-3.100386,3.6825469,6.5,2
494,1997,54,54,SEA,Mark Blount,Pitt,9.0,605.0,13981.0,4941.0,2784.0,513.0,0.504,0.359,0.723,23.1,8.2,4.6,0.8,18.8,0.065,-2.7,-2.5,-1.8331156,8.8174925,18.8,2
503,1998,6,6,DAL,Robert Traylor,Michigan,7.0,438.0,6243.0,2085.0,1640.0,312.0,0.474,0.167,0.577,14.3,4.8,3.7,0.7,13.3,0.102,-1.6,0.7,-0.72972345,6.539493,13.3,2
509,1998,12,12,ORL,Michael Doleac,Utah,10.0,587.0,8789.0,2882.0,1955.0,343.0,0.439,0.125,0.791,15.0,4.9,3.3,0.6,12.7,0.07,-3.7,-3.7,-0.8753388,6.88626,12.7,2
510,1998,13,13,ORL,Keon Clark,UNLV,6.0,353.0,7971.0,2882.0,2096.0,322.0,0.5,0.053,0.645,22.6,8.2,5.9,0.9,18.2,0.11,-0.7,2.6,1.2777584,6.4514174,18.2,2
511,1998,14,14,HOU,Michael Dickerson,Arizona,5.0,212.0,7490.0,3257.0,609.0,553.0,0.432,0.402,0.784,35.3,15.4,2.9,2.6,9.6,0.061,-1.3,1.3,-2.303537,5.0159926,9.6,2
516,1998,19,19,MIL,Pat Garrity,Notre Dame,10.0,552.0,11062.0,4017.0,1457.0,443.0,0.417,0.398,0.806,20.0,7.3,2.6,0.8,18.7,0.081,-1.8,0.5,-3.3647144,8.096094,18.7,2
519,1998,22,22,LAC,Brian Skinner,Baylor,14.0,608.0,10910.0,2876.0,2841.0,288.0,0.494,0.333,0.566,17.9,4.7,4.7,0.5,15.8,0.07,-2.5,-1.5,-1.5565882,8.198101,15.8,2
520,1998,23,23,DEN,Tyronn Lue,Nebraska,11.0,554.0,12564.0,4710.0,943.0,1727.0,0.437,0.391,0.829,22.7,8.5,1.7,3.1,19.7,0.075,-1.8,0.6,-3.9882705,9.592004,19.7,2
524,1998,27,27,SEA,Vladimir Stepania,International,6.0,270.0,3726.0,1118.0,1180.0,94.0,0.425,0.133,0.536,13.8,4.1,4.4,0.3,5.2,0.067,-3.3,-1.2,-3.6283567,-1.7375159,5.2,2
530,1998,33,33,SEA,Jelani McCoy,UCLA,8.0,260.0,3824.0,1200.0,921.0,135.0,0.539,0.0,0.49,14.7,4.6,3.5,0.5,5.1,0.064,-2.9,-0.9,1.2494254,5.418204,5.1,2
531,1998,34,34,CHI,Shammond Williams,UNC,7.0,325.0,5351.0,1892.0,518.0,765.0,0.401,0.366,0.798,16.5,5.8,1.6,2.4,8.8,0.079,-0.7,1.7,-2.7199142,5.3914557,8.8,2
540,1998,43,43,WAS,Jahidi White,Georgetown,7.0,334.0,5913.0,1954.0,1944.0,63.0,0.51,0.0,0.534,17.7,5.9,5.8,0.2,10.4,0.085,-3.2,-1.8,1.2325084,6.0228257,10.4,2
550,1998,53,53,DAL,Greg Buckner,Clemson,10.0,570.0,10895.0,2878.0,1593.0,719.0,0.45,0.334,0.757,19.1,5.0,2.8,1.3,20.9,0.092,-0.9,3.0,-2.8152606,8.074053,20.9,2
552,1998,55,55,DEN,Ryan Bowen,Iowa,10.0,507.0,6502.0,1319.0,1060.0,250.0,0.456,0.206,0.693,12.8,2.6,2.1,0.5,12.4,0.092,-0.8,2.0,-1.1786468,6.4092097,12.4,2
560,1999,5,5,TOR,Jonathan Bender,International,8.0,262.0,3847.0,1453.0,582.0,170.0,0.417,0.34,0.763,14.7,5.5,2.2,0.6,3.8,0.047,-2.6,-0.6,-3.3736398,3.8746254,3.8,2
575,1999,20,20,ATL,Dion Glover,Georgia Tech,6.0,294.0,6132.0,2407.0,897.0,455.0,0.411,0.317,0.756,20.9,8.2,3.1,1.5,5.8,0.045,-1.8,0.3,-3.876945,5.1169558,5.8,2
578,1999,23,23,LAL,Devean George,Augsburg College,11.0,630.0,11682.0,3536.0,1975.0,543.0,0.392,0.343,0.721,18.5,5.6,3.1,0.9,18.2,0.075,-1.5,1.4,-2.550948,8.576198,18.2,2
582,1999,27,27,ATL,Jumaine Jones,Georgia,8.0,471.0,9780.0,3325.0,1987.0,408.0,0.424,0.349,0.704,20.8,7.1,4.2,0.9,15.1,0.074,-1.2,2.1,-3.0264142,7.563776,15.1,2
583,1999,28,28,UTA,Scott Padgett,Kentucky,8.0,448.0,5613.0,1874.0,1227.0,325.0,0.41,0.373,0.736,12.5,4.2,2.7,0.7,13.2,0.113,-0.4,2.3,-4.0968103,5.9313245,13.2,2
587,1999,32,32,CHI,Michael Ruffin,Tulsa,9.0,414.0,5966.0,716.0,1632.0,250.0,0.407,0.0,0.459,14.4,1.7,3.9,0.6,6.8,0.055,-3.3,-2.0,0.991027,5.9667306,6.8,2
589,1999,34,34,NJN,Evan Eschmeyer,Northwestern,4.0,153.0,2138.0,421.0,601.0,76.0,0.463,0.0,0.621,14.0,2.8,3.9,0.5,4.0,0.09,-3.0,-0.5,2.3172772,-6.639043,4.0,2
590,1999,35,35,WAS,Calvin Booth,Penn State,10.0,366.0,4477.0,1190.0,1010.0,151.0,0.451,0.222,0.748,12.2,3.3,2.8,0.4,8.0,0.086,-1.8,0.3,-1.8379978,5.6500793,8.0,2
595,1999,40,40,DAL,Gordan Giriček,International,6.0,384.0,8824.0,3670.0,941.0,584.0,0.442,0.368,0.823,23.0,9.6,2.5,1.5,8.0,0.044,-2.5,-1.1,-3.8057048,6.968042,8.0,2
596,1999,41,41,DEN,Francisco Elson,California,9.0,472.0,7207.0,1726.0,1638.0,260.0,0.478,0.188,0.7,15.3,3.7,3.5,0.6,11.7,0.078,-2.7,-1.3,-1.0633914,6.486711,11.7,2
598,1999,43,43,CHH,Lee Nailon,TCU,6.0,306.0,5820.0,2622.0,936.0,298.0,0.474,0.111,0.786,19.0,8.6,3.1,1.0,8.0,0.066,-2.0,0.0,-0.93196553,5.843495,8.0,2
602,1999,47,47,PHI,Todd MacCulloch,Washington,4.0,223.0,3439.0,1369.0,888.0,121.0,0.541,0.0,0.642,15.4,6.1,4.0,0.5,11.9,0.166,0.3,2.0,2.0828762,5.213371,11.9,2
616,2000,3,3,LAC,Darius Miles,International,7.0,446.0,11730.0,4507.0,2190.0,840.0,0.472,0.168,0.59,26.3,10.1,4.9,1.9,9.5,0.039,-1.0,3.0,-0.7439156,7.457159,9.5,2
619,2000,6,6,ATL,DerMarr Johnson,Cincinnati,7.0,344.0,5930.0,2121.0,769.0,304.0,0.411,0.336,0.789,17.2,6.2,2.2,0.9,6.4,0.052,-1.6,0.6,-3.6668234,5.1349573,6.4,2
620,2000,7,7,CHI,Chris Mihm,Texas,8.0,436.0,8758.0,3262.0,2302.0,223.0,0.459,0.231,0.704,20.1,7.5,5.3,0.5,13.3,0.073,-3.9,-4.3,-1.358288,7.0399365,13.3,2
623,2000,10,10,ORL,Keyon Dooling,Missouri,13.0,728.0,14134.0,5067.0,964.0,1601.0,0.416,0.349,0.799,19.4,7.0,1.3,2.2,18.5,0.063,-2.0,-0.2,-3.339702,10.634984,18.5,2
625,2000,12,12,DAL,Etan Thomas,Syracuse,9.0,409.0,7084.0,2341.0,1927.0,149.0,0.513,0.0,0.603,17.3,5.7,4.7,0.4,14.9,0.101,-2.1,-0.2,1.3327229,6.366812,14.9,2
626,2000,13,13,ORL,Courtney Alexander,Fresno State,3.0,187.0,4067.0,1690.0,409.0,227.0,0.422,0.339,0.813,21.7,9.0,2.2,1.2,4.1,0.048,-3.7,-1.7,-2.5951006,3.5026655,4.1,2
633,2000,20,20,PHI,Speedy Claxton,Hofstra,7.0,334.0,8548.0,3096.0,830.0,1441.0,0.409,0.193,0.762,25.6,9.3,2.5,4.3,14.2,0.08,-0.3,3.6,-3.3461819,7.268544,14.2,2
635,2000,22,22,NYK,Donnell Harvey,Florida,5.0,205.0,3318.0,1150.0,827.0,161.0,0.46,0.1,0.659,16.2,5.6,4.0,0.8,4.7,0.069,-2.6,-0.5,-3.5257602,-1.7460527,4.7,2
636,2000,23,23,UTA,DeShawn Stevenson,International,13.0,824.0,18396.0,5930.0,1832.0,1355.0,0.406,0.34,0.698,22.3,7.2,2.2,1.6,12.1,0.032,-2.7,-3.5,-2.1273441,10.06832,12.1,2
638,2000,25,25,PHO,Jake Tsakalidis,International,7.0,315.0,5005.0,1497.0,1238.0,101.0,0.49,0.0,0.657,15.9,4.8,3.9,0.3,9.9,0.095,-3.1,-1.4,1.6931384,5.692464,9.9,2
640,2000,27,27,IND,Primož Brezec,International,8.0,342.0,6192.0,2452.0,1327.0,179.0,0.498,0.167,0.701,18.1,7.2,3.9,0.5,10.8,0.084,-3.1,-1.7,-0.9366351,6.1219373,10.8,2
642,2000,29,29,LAL,Mark Madsen,Stanford,9.0,453.0,5335.0,975.0,1157.0,181.0,0.457,0.063,0.527,11.8,2.2,2.6,0.4,8.2,0.074,-4.1,-2.9,0.885642,5.8309116,8.2,2
643,2000,30,30,LAC,Marko Jarić,International,7.0,447.0,11246.0,3193.0,1200.0,1600.0,0.404,0.344,0.73,25.2,7.1,2.7,3.6,12.1,0.052,-0.7,3.8,-3.9912462,8.831795,12.1,2
646,2000,33,33,CHI,Jake Voskuhl,UConn,9.0,450.0,6443.0,1814.0,1539.0,237.0,0.487,0.333,0.714,14.3,4.0,3.4,0.5,11.6,0.087,-3.8,-3.0,-4.160261,5.4617124,11.6,2
650,2000,37,37,MIA,Eddie House,Arizona State,11.0,717.0,12405.0,5356.0,1223.0,1112.0,0.409,0.39,0.851,17.3,7.5,1.7,1.6,20.0,0.077,0.0,6.1,-2.771915,10.19001,20.0,2
657,2000,44,44,DET,Brian Cardinal,Purdue,12.0,456.0,6477.0,2108.0,1050.0,465.0,0.408,0.372,0.861,14.2,4.6,2.3,1.0,15.4,0.114,-0.1,3.2,-4.1406727,6.5910473,15.4,2
662,2000,49,49,MIL,Jason Hart,Syracuse,9.0,341.0,5289.0,1623.0,567.0,774.0,0.417,0.315,0.788,15.5,4.8,1.7,2.3,8.6,0.078,-1.2,1.0,-2.7833183,5.2812867,8.6,2
672,2001,1,1,WAS,Kwame Brown,International,12.0,607.0,13389.0,4035.0,3333.0,554.0,0.492,0.111,0.57,22.1,6.6,5.5,0.9,20.8,0.074,-2.4,-1.3,0.057373352,8.347244,20.8,2
678,2001,7,7,NJN,Eddie Griffin,Seton Hall,5.0,303.0,6729.0,2171.0,1744.0,236.0,0.377,0.315,0.671,22.2,7.2,5.8,0.8,10.9,0.078,-0.4,2.8,-4.149212,4.9581933,10.9,2
679,2001,8,8,CLE,DeSagana Diop,International,12.0,601.0,8403.0,1185.0,2219.0,270.0,0.427,0.167,0.467,14.0,2.0,3.7,0.4,12.8,0.073,-1.9,0.2,-0.48460266,6.846817,12.8,2
686,2001,15,15,ORL,Steven Hunter,DePaul,8.0,400.0,5993.0,1817.0,1264.0,79.0,0.56,0.0,0.485,15.0,4.5,3.2,0.2,10.6,0.085,-2.3,-0.5,1.2778319,5.827304,10.6,2
689,2001,18,18,HOU,Jason Collins,Stanford,13.0,735.0,14974.0,2621.0,2706.0,626.0,0.411,0.206,0.647,20.4,3.6,3.7,0.9,20.1,0.064,-3.7,-6.5,-0.82305276,8.366227,20.1,2
698,2001,27,27,MEM,Jamaal Tinsley,Iowa State,11.0,547.0,14443.0,4652.0,1605.0,3330.0,0.393,0.299,0.716,26.4,8.5,2.9,6.1,17.2,0.057,0.0,7.1,-3.3288863,12.02907,17.2,2
700,2001,30,30,CHI,Trenton Hassell,Austin Peay State University,9.0,644.0,16278.0,3741.0,1826.0,1132.0,0.445,0.318,0.765,25.3,5.8,2.8,1.8,13.8,0.041,-2.9,-3.7,-2.3152637,9.512097,13.8,2
705,2001,35,35,NJN,Brian Scalabrine,USC,11.0,520.0,6772.0,1594.0,1034.0,436.0,0.39,0.344,0.783,13.0,3.1,2.0,0.8,7.6,0.054,-2.7,-1.2,-4.021253,6.2931476,7.6,2
710,2001,40,40,SEA,Earl Watson,UCLA,13.0,878.0,19494.0,5593.0,1985.0,3871.0,0.411,0.324,0.703,22.2,6.4,2.3,4.4,19.2,0.047,-1.4,2.8,-2.7312157,13.23345,19.2,2
712,2001,42,42,SEA,Bobby Simmons,DePaul,10.0,466.0,11513.0,4189.0,1791.0,710.0,0.437,0.396,0.823,24.7,9.0,3.8,1.5,20.1,0.084,-0.7,3.6,-3.302884,8.096373,20.1,2
723,2001,53,53,UTA,Jarron Collins,Stanford,10.0,542.0,8542.0,2095.0,1579.0,419.0,0.455,0.0,0.699,15.8,3.9,2.9,0.8,15.7,0.088,-3.1,-2.5,1.2153931,6.658851,15.7,2
739,2002,11,11,WAS,Jared Jeffries,Indiana,11.0,629.0,13579.0,3003.0,2563.0,798.0,0.426,0.25,0.583,21.6,4.8,4.1,1.3,13.1,0.046,-2.4,-1.5,-1.2961307,8.39474,13.1,2
740,2002,12,12,LAC,Melvin Ely,Fresno State,9.0,375.0,6005.0,1992.0,1215.0,261.0,0.46,0.0,0.625,16.0,5.3,3.2,0.7,4.0,0.032,-4.0,-3.1,1.4928144,5.8703437,4.0,2
742,2002,14,14,IND,Fred Jones,Oregon,7.0,430.0,10299.0,3206.0,958.0,990.0,0.411,0.353,0.809,24.0,7.5,2.2,2.3,16.5,0.077,-1.0,2.6,-3.9617777,7.361562,16.5,2
743,2002,15,15,HOU,Boštjan Nachbar,International,6.0,317.0,5628.0,2252.0,836.0,283.0,0.406,0.375,0.784,17.8,7.1,2.6,0.9,8.7,0.074,-1.6,0.6,-3.6754782,5.0818086,8.7,2
744,2002,16,16,PHI,Jiří Welsch,International,4.0,247.0,4596.0,1519.0,602.0,375.0,0.403,0.343,0.752,18.6,6.1,2.4,1.5,5.7,0.059,-1.9,0.1,-3.173622,3.998229,5.7,2
745,2002,17,17,WAS,Juan Dixon,Maryland,7.0,436.0,8509.0,3678.0,816.0,775.0,0.413,0.341,0.833,19.5,8.4,1.9,1.8,6.1,0.034,-2.1,-0.3,-3.921234,7.1668773,6.1,2
750,2002,22,22,PHO,Casey Jacobsen,Stanford,4.0,287.0,5320.0,1488.0,516.0,304.0,0.393,0.352,0.769,18.5,5.2,1.8,1.1,6.2,0.056,-2.2,-0.3,-3.3572903,4.326882,6.2,2
756,2002,28,28,SAC,Dan Dickau,Gonzaga,6.0,300.0,4617.0,1745.0,405.0,752.0,0.401,0.341,0.831,15.4,5.8,1.4,2.5,5.9,0.061,-1.5,0.6,-2.732709,5.2094975,5.9,2
758,2002,31,31,CHI,Roger Mason,Virginia,10.0,518.0,9147.0,3289.0,897.0,677.0,0.408,0.383,0.866,17.7,6.3,1.7,1.3,13.0,0.068,-1.4,1.4,-4.0036197,7.536937,13.0,2
761,2002,34,34,MIL,Dan Gadzuric,UCLA,10.0,527.0,7793.0,2465.0,2326.0,196.0,0.5,0.0,0.498,14.8,4.7,4.4,0.4,15.8,0.097,-2.3,-0.7,1.1939782,6.966364,15.8,2
769,2002,42,42,MIL,Ronald Murray,Shaw,8.0,487.0,11077.0,4817.0,1006.0,1096.0,0.414,0.304,0.725,22.7,9.9,2.1,2.3,8.5,0.037,-2.2,-0.5,-3.3511229,8.591039,8.5,2
777,2002,50,50,BOS,Darius Songaila,Wake Forest,8.0,495.0,9229.0,3415.0,1689.0,589.0,0.499,0.158,0.844,18.6,6.9,3.4,1.2,15.9,0.083,-2.1,-0.2,-0.77530926,7.0732584,15.9,2
780,2002,53,53,MIA,Rasual Butler,La Salle,13.0,809.0,17219.0,6092.0,1934.0,658.0,0.403,0.362,0.747,21.3,7.5,2.4,0.8,20.8,0.058,-1.4,2.6,-2.2939503,10.060437,20.8,2
787,2003,2,2,DET,Darko Miličić,International,10.0,468.0,8638.0,2813.0,1971.0,405.0,0.46,0.0,0.574,18.5,6.0,4.2,0.9,7.1,0.04,-2.4,-0.9,1.3070456,6.596721,7.1,2
793,2003,8,8,MIL,T.J. Ford,Texas,8.0,429.0,11882.0,4797.0,1331.0,2495.0,0.433,0.289,0.815,27.7,11.2,3.1,5.8,16.9,0.068,-0.4,4.6,-3.9213305,10.16283,16.9,2
794,2003,9,9,NYK,Mike Sweetney,Georgetown,4.0,233.0,3610.0,1516.0,1045.0,145.0,0.485,0.0,0.689,15.5,6.5,4.5,0.6,7.8,0.103,-2.7,-0.6,1.9316496,5.3889976,7.8,2
795,2003,10,10,WAS,Jarvis Hayes,Georgia,7.0,427.0,9898.0,3553.0,1330.0,459.0,0.415,0.356,0.798,23.2,8.3,3.1,1.1,10.2,0.049,-2.5,-1.3,-3.7643962,7.1813827,10.2,2
796,2003,11,11,GSW,Mickaël Piétrus,International,10.0,557.0,11950.0,4629.0,1723.0,445.0,0.425,0.355,0.665,21.5,8.3,3.1,0.8,19.7,0.079,-0.9,3.2,-2.3864033,8.635693,19.7,2
798,2003,13,13,MEM,Marcus Banks,UNLV,8.0,348.0,5571.0,2061.0,519.0,728.0,0.432,0.327,0.768,16.0,5.9,1.5,2.1,6.6,0.057,-2.0,-0.1,-2.8535228,5.472651,6.6,2
804,2003,19,19,UTA,Sasha Pavlović,International,10.0,567.0,8888.0,2787.0,1000.0,517.0,0.404,0.346,0.673,15.7,4.9,1.8,0.9,7.0,0.038,-3.4,-3.1,-2.9156961,7.8304853,7.0,2
805,2003,20,20,BOS,Dahntay Jones,Duke,13.0,624.0,9799.0,3353.0,1082.0,529.0,0.439,0.329,0.751,15.7,5.4,1.7,0.8,9.9,0.048,-3.7,-4.1,-2.8585868,7.958538,9.9,2
808,2003,23,23,POR,Travis Outlaw,International,11.0,622.0,13026.0,5273.0,1974.0,514.0,0.423,0.337,0.744,20.9,8.5,3.2,0.8,16.5,0.061,-1.4,2.1,-2.4117415,8.884754,16.5,2
809,2003,24,24,LAL,Brian Cook,Illinois,9.0,421.0,5649.0,2312.0,1115.0,252.0,0.439,0.382,0.783,13.4,5.5,2.6,0.6,10.2,0.086,-1.6,0.5,-4.20075,6.095201,10.2,2
816,2003,31,31,CLE,Jason Kapono,UCLA,9.0,509.0,9068.0,3398.0,844.0,417.0,0.442,0.434,0.835,17.8,6.7,1.7,0.8,10.3,0.055,-2.6,-1.3,-4.088391,7.284615,10.3,2
817,2003,32,32,LAL,Luke Walton,Arizona,10.0,564.0,9685.0,2649.0,1588.0,1317.0,0.429,0.326,0.715,17.2,4.7,2.8,2.3,13.5,0.067,-1.0,2.5,-3.4140687,8.090417,13.5,2
826,2003,41,41,SEA,Willie Green,Detroit Mercy,12.0,731.0,14783.0,6059.0,1303.0,1018.0,0.425,0.346,0.765,20.2,8.3,1.8,1.4,12.9,0.042,-2.7,-2.7,-2.5760593,10.047892,12.9,2
828,2003,43,43,MIL,Keith Bogans,Kentucky,11.0,671.0,14527.0,4257.0,1817.0,866.0,0.394,0.353,0.716,21.6,6.3,2.7,1.3,20.4,0.068,-1.5,1.9,-2.5344446,9.210943,20.4,2
856,2004,13,13,POR,Sebastian Telfair,International,10.0,564.0,12149.0,4183.0,898.0,1960.0,0.39,0.319,0.777,21.5,7.4,1.6,3.5,5.0,0.02,-3.4,-4.2,-4.004154,9.643187,5.0,2
859,2004,16,16,UTA,Kirk Snyder,Nevada,4.0,211.0,3540.0,1333.0,491.0,241.0,0.438,0.327,0.699,16.8,6.3,2.3,1.1,4.5,0.061,-1.2,0.7,-3.6684785,3.1040976,4.5,2
870,2004,27,27,LAL,Sasha Vujačić,International,10.0,581.0,8908.0,3094.0,1093.0,748.0,0.39,0.367,0.858,15.3,5.3,1.9,1.3,16.0,0.086,-1.0,2.3,-3.8550315,7.7204823,16.0,2
880,2004,37,37,ATL,Royal Ivey,Texas,10.0,492.0,6162.0,1641.0,557.0,501.0,0.406,0.361,0.706,12.5,3.3,1.1,1.0,4.5,0.035,-3.8,-2.7,-4.0607114,6.0832357,4.5,2
911,2005,9,9,GSW,Ike Diogu,Arizona State,6.0,225.0,2795.0,1348.0,689.0,69.0,0.509,0.5,0.786,12.4,6.0,3.1,0.3,6.5,0.112,-3.0,-0.7,-2.760371,2.0594096,6.5,2
916,2005,14,14,MIN,Rashad McCants,UNC,4.0,249.0,5037.0,2479.0,506.0,331.0,0.431,0.368,0.741,20.2,10.0,2.0,1.3,3.6,0.035,-1.7,0.4,-3.2814968,4.1386027,3.6,2
918,2005,16,16,TOR,Joey Graham,Oklahoma State,6.0,377.0,6117.0,2239.0,1058.0,207.0,0.483,0.3,0.815,16.2,5.9,2.8,0.5,7.8,0.061,-3.6,-2.4,-4.1104746,4.943028,7.8,2
920,2005,18,18,BOS,Gerald Green,International,12.0,658.0,13026.0,6412.0,1639.0,596.0,0.417,0.361,0.818,19.8,9.7,2.5,0.9,18.4,0.068,-1.3,2.4,-2.6355438,9.425605,18.4,2
921,2005,19,19,MEM,Hakim Warrick,Syracuse,8.0,526.0,10624.0,4947.0,2117.0,400.0,0.49,0.191,0.726,20.2,9.4,4.0,0.8,20.4,0.092,-1.9,0.4,-0.8171364,7.7862177,20.4,2
925,2005,23,23,SAC,Francisco García,Louisville,10.0,549.0,11853.0,4323.0,1400.0,747.0,0.427,0.357,0.799,21.6,7.9,2.6,1.4,18.2,0.074,-0.1,5.7,-3.33541,8.372601,18.2,2
926,2005,24,24,HOU,Luther Head,Illinois,6.0,348.0,7797.0,2842.0,845.0,747.0,0.423,0.388,0.773,22.4,8.2,2.4,2.1,14.7,0.09,0.1,4.2,-3.5442827,6.439412,14.7,2
927,2005,25,25,SEA,Johan Petro,International,8.0,473.0,7262.0,2202.0,1836.0,227.0,0.462,0.154,0.678,15.4,4.7,3.9,0.5,5.5,0.037,-4.6,-4.6,-0.66830224,6.5604534,5.5,2
928,2005,26,26,DET,Jason Maxiell,Cincinnati,10.0,618.0,11379.0,3481.0,2576.0,266.0,0.495,0.0,0.564,18.4,5.6,4.2,0.4,20.3,0.086,-2.5,-1.4,0.9527368,7.7446613,20.3,2
929,2005,27,27,POR,Linas Kleiza,Missouri,7.0,409.0,8185.0,3561.0,1470.0,321.0,0.435,0.335,0.763,20.0,8.7,3.6,0.8,13.6,0.08,-2.3,-0.7,-3.4704988,6.898894,13.6,2
939,2005,37,37,LAL,Ronny Turiaf,Gonzaga,10.0,473.0,8020.0,2209.0,1757.0,618.0,0.533,0.0,0.636,17.0,4.7,3.7,1.3,19.2,0.115,0.3,4.7,1.3761536,6.473788,19.2,2
940,2005,38,38,ORL,Travis Diener,Marquette,5.0,179.0,2660.0,854.0,243.0,432.0,0.388,0.353,0.847,14.9,4.8,1.4,2.4,5.6,0.102,-0.4,1.1,-1.6270207,3.4400697,5.6,2
951,2005,49,49,WAS,Andray Blatche,International,9.0,564.0,12462.0,5706.0,3024.0,798.0,0.467,0.237,0.725,22.1,10.1,5.4,1.4,19.2,0.074,-0.8,3.8,-0.8427361,8.320372,19.2,2
952,2005,50,50,BOS,Ryan Gomes,Providence,8.0,487.0,13463.0,4926.0,2239.0,712.0,0.445,0.349,0.799,27.6,10.1,4.6,1.5,19.4,0.069,-1.6,1.4,-2.5666814,8.797478,19.4,2
963,2006,1,1,TOR,Andrea Bargnani,International,10.0,550.0,15806.0,7873.0,2541.0,653.0,0.439,0.354,0.824,28.7,14.3,4.6,1.2,18.9,0.057,-1.6,1.5,-1.6431053,10.0286,18.9,2
966,2006,4,4,POR,Tyrus Thomas,LSU,8.0,402.0,7932.0,3093.0,1938.0,347.0,0.438,0.235,0.732,19.7,7.7,4.8,0.9,13.0,0.078,-1.2,1.7,-1.5298282,6.625324,13.0,2
967,2006,5,5,ATL,Shelden Williams,Duke,6.0,361.0,5586.0,1618.0,1562.0,163.0,0.462,0.222,0.74,15.5,4.5,4.3,0.5,9.9,0.085,-3.0,-1.5,-1.6051499,5.926132,9.9,2
974,2006,12,12,NOK,Hilton Armstrong,UConn,6.0,292.0,3378.0,880.0,766.0,102.0,0.501,0.286,0.582,11.6,3.0,2.6,0.3,3.9,0.055,-4.1,-1.8,-4.7910748,3.1675408,3.9,2
978,2006,16,16,CHI,Rodney Carney,Memphis,5.0,299.0,4600.0,1778.0,588.0,132.0,0.422,0.338,0.704,15.4,5.9,2.0,0.4,6.2,0.064,-1.6,0.5,-3.8977787,3.6378968,6.2,2
979,2006,17,17,IND,Shawne Williams,Memphis,7.0,314.0,5368.0,1769.0,945.0,220.0,0.403,0.339,0.755,17.1,5.6,3.0,0.7,6.7,0.06,-2.2,-0.3,-3.7955253,4.8771925,6.7,2
982,2006,20,20,NYK,Renaldo Balkman,South Carolina,6.0,221.0,3064.0,894.0,769.0,132.0,0.51,0.172,0.542,13.9,4.0,3.5,0.6,7.2,0.113,0.1,1.6,-4.4162235,-1.4539804,7.2,2
985,2006,23,23,NJN,Josh Boone,UConn,4.0,256.0,4482.0,1340.0,1258.0,125.0,0.544,0.0,0.445,17.5,5.2,4.9,0.5,9.1,0.097,-2.0,0.0,1.2221284,5.516553,9.1,2
987,2006,25,25,CLE,Shannon Brown,Michigan State,9.0,408.0,7329.0,3118.0,760.0,458.0,0.42,0.332,0.807,18.0,7.6,1.9,1.1,9.2,0.06,-1.5,1.0,-3.820984,6.3804035,9.2,2
988,2006,26,26,LAL,Jordan Farmar,UCLA,10.0,504.0,9840.0,3888.0,958.0,1453.0,0.423,0.374,0.739,19.5,7.7,1.9,2.9,13.9,0.068,-0.5,3.7,-4.0636635,8.923497,13.9,2
989,2006,27,27,PHO,Sergio Rodríguez,International,5.0,353.0,5281.0,1747.0,525.0,1183.0,0.409,0.337,0.739,15.0,4.9,1.5,3.4,4.3,0.039,-2.0,0.1,-3.0350804,5.797868,4.3,2
994,2006,32,32,HOU,Steve Novak,Marquette,11.0,467.0,5657.0,2177.0,591.0,132.0,0.437,0.43,0.877,12.1,4.7,1.3,0.3,14.5,0.123,0.8,4.0,-4.086635,6.5938544,14.5,2
995,2006,33,33,ATL,Solomon Jones,South Florida,8.0,281.0,3092.0,839.0,654.0,99.0,0.467,0.111,0.717,11.0,3.0,2.3,0.4,5.0,0.078,-4.0,-1.6,-3.4690287,-1.6688985,5.0,2
998,2006,36,36,MIN,Craig Smith,Boston College,6.0,403.0,6826.0,3080.0,1567.0,322.0,0.553,0.037,0.661,16.9,7.6,3.9,0.8,16.0,0.113,-1.2,1.4,1.3976276,6.4061813,16.0,2
1004,2006,42,42,CLE,Daniel Gibson,Texas,7.0,397.0,9316.0,3115.0,792.0,775.0,0.402,0.407,0.78,23.5,7.8,2.0,2.0,16.0,0.082,-1.0,2.4,-3.8590527,6.8863974,16.0,2
1011,2006,49,49,DEN,Leon Powe,California,5.0,239.0,3320.0,1484.0,911.0,78.0,0.515,0.0,0.682,13.9,6.2,3.8,0.3,12.0,0.174,-1.6,0.3,2.0254755,5.2761364,12.0,2
1012,2006,50,50,CHA,Ryan Hollins,UCLA,10.0,518.0,6134.0,1913.0,1140.0,151.0,0.584,0.0,0.649,11.8,3.7,2.2,0.3,10.4,0.081,-4.1,-3.2,1.4376602,6.1871676,10.4,2
1023,2007,1,1,POR,Greg Oden,Ohio State,3.0,105.0,2028.0,840.0,656.0,51.0,0.574,0.0,0.658,19.3,8.0,6.2,0.5,7.3,0.174,-0.4,0.8,2.8835552,-5.014363,7.3,2
1035,2007,13,13,NOK,Julian Wright,Kansas,4.0,231.0,3049.0,907.0,531.0,182.0,0.499,0.262,0.584,13.2,3.9,2.3,0.8,3.9,0.061,-0.5,1.2,-4.777534,2.8000674,3.9,2
1036,2007,14,14,LAC,Al Thornton,Florida State,4.0,296.0,8274.0,3527.0,1233.0,353.0,0.452,0.293,0.747,28.0,11.9,4.2,1.2,6.1,0.035,-3.5,-3.2,-3.972576,5.550154,6.1,2
1038,2007,16,16,WAS,Nick Young,USC,12.0,720.0,16419.0,8194.0,1427.0,687.0,0.418,0.376,0.836,22.8,11.4,2.0,1.0,18.6,0.054,-2.2,-0.8,-2.3645303,10.328025,18.6,2
1042,2007,20,20,MIA,Jason Smith,Colorado State,11.0,616.0,10029.0,3777.0,2075.0,453.0,0.468,0.333,0.783,16.3,6.1,3.4,0.7,14.1,0.067,-2.9,-2.4,-2.480353,8.3311615,14.1,2
1043,2007,21,21,PHI,Daequan Cook,Ohio State,6.0,328.0,5993.0,2114.0,703.0,243.0,0.369,0.359,0.813,18.3,6.4,2.1,0.7,4.9,0.039,-2.7,-1.1,-3.5172784,4.9042087,4.9,2
1046,2007,24,24,PHO,Rudy Fernández,International,4.0,249.0,5965.0,2254.0,608.0,554.0,0.399,0.36,0.84,24.0,9.1,2.4,2.2,14.2,0.114,1.7,5.6,-2.1905973,4.441502,14.2,2
1048,2007,26,26,HOU,Aaron Brooks,Oregon,10.0,645.0,13439.0,6259.0,1079.0,1925.0,0.413,0.37,0.837,20.8,9.7,1.7,3.0,19.2,0.069,-1.2,2.7,-3.429429,10.73022,19.2,2
1057,2007,35,35,SEA,Glen Davis,LSU,8.0,514.0,10865.0,4111.0,2236.0,457.0,0.447,0.182,0.7,21.1,8.0,4.4,0.9,18.6,0.082,-2.6,-1.7,-0.8548376,7.509732,18.6,2
1059,2007,37,37,POR,Josh McRoberts,Duke,11.0,433.0,8271.0,2333.0,1686.0,901.0,0.463,0.34,0.705,19.1,5.4,3.9,2.1,18.5,0.107,0.3,4.7,-3.235992,7.3573427,18.5,2
1069,2007,47,47,WAS,Dominic McGuire,Fresno State,6.0,342.0,5348.0,939.0,1169.0,422.0,0.419,0.188,0.658,15.6,2.7,3.4,1.2,4.1,0.037,-2.1,-0.1,-1.6599786,5.6266894,4.1,2
1071,2007,49,49,CHI,Aaron Gray,Pitt,7.0,318.0,3851.0,1066.0,1190.0,207.0,0.509,0.0,0.562,12.1,3.4,3.7,0.7,6.2,0.077,-3.6,-1.5,1.2955079,5.595139,6.2,2
1084,2008,2,2,MIA,Michael Beasley,Kansas State,11.0,609.0,13903.0,7568.0,2861.0,788.0,0.465,0.349,0.759,22.8,12.4,4.7,1.3,15.6,0.054,-1.7,0.9,-1.5388755,9.77367,15.6,2
1093,2008,11,11,IND,Jerryd Bayless,Arizona,11.0,586.0,12486.0,4909.0,1235.0,1674.0,0.411,0.361,0.818,21.3,8.4,2.1,2.9,18.6,0.072,-1.6,1.1,-3.786781,9.929994,18.6,2
1095,2008,13,13,POR,Brandon Rush,Kansas,9.0,481.0,10564.0,3250.0,1413.0,468.0,0.426,0.402,0.706,22.0,6.8,2.9,1.0,11.2,0.051,-1.4,1.6,-3.1947498,7.7158194,11.2,2
1096,2008,14,14,GSW,Anthony Randolph,LSU,6.0,252.0,3841.0,1789.0,1078.0,187.0,0.453,0.241,0.74,15.2,7.1,4.3,0.7,5.8,0.072,-1.6,0.4,-4.0344396,3.3449955,5.8,2
1102,2008,20,20,CHA,Alexis Ajinça,International,7.0,293.0,3905.0,1553.0,1150.0,143.0,0.503,0.286,0.797,13.3,5.3,3.9,0.5,7.5,0.093,-2.8,-0.8,-4.0317388,4.066302,7.5,2
1109,2008,27,27,NOH,Darrell Arthur,Kansas,9.0,503.0,8945.0,3282.0,1768.0,409.0,0.444,0.352,0.765,17.8,6.5,3.5,0.8,12.3,0.066,-2.2,-0.4,-3.055455,7.662975,12.3,2
1111,2008,29,29,DET,D.J. White,Indiana,6.0,138.0,2111.0,810.0,437.0,80.0,0.507,0.333,0.72,15.3,5.9,3.2,0.6,3.8,0.087,-2.1,0.0,-3.6901965,1.531751,3.8,2
1113,2008,31,31,MIN,Nikola Peković,International,6.0,271.0,6744.0,3405.0,1807.0,199.0,0.518,0.0,0.76,24.9,12.6,6.7,0.7,18.8,0.134,-0.7,2.2,1.6079443,6.0448895,18.8,2
1118,2008,36,36,POR,Ömer Aşık,International,8.0,471.0,9216.0,2479.0,3362.0,280.0,0.528,0.0,0.551,19.6,5.3,7.1,0.6,20.9,0.109,-1.9,0.1,1.1344835,7.760717,20.9,2
1122,2008,40,40,NJN,Chris Douglas-Roberts,Memphis,6.0,222.0,4381.0,1571.0,472.0,254.0,0.439,0.329,0.831,19.7,7.1,2.1,1.1,5.4,0.059,-2.2,-0.2,-2.9184868,3.4110947,5.4,2
1129,2008,47,47,WAS,Henry Walker,Kansas State,5.0,181.0,3016.0,1079.0,401.0,153.0,0.446,0.369,0.76,16.7,6.0,2.2,0.8,5.0,0.079,-1.8,0.2,-3.0440822,2.7546504,5.0,2
1144,2009,2,2,MEM,Hasheem Thabeet,UConn,5.0,224.0,2357.0,483.0,595.0,27.0,0.567,0.0,0.578,10.5,2.2,2.7,0.1,4.8,0.099,-2.7,-0.4,2.9277484,-6.026919,4.8,2
1150,2009,8,8,NYK,Jordan Hill,Arizona,8.0,409.0,7692.0,3232.0,2389.0,322.0,0.497,0.136,0.699,18.8,7.9,5.8,0.8,16.4,0.102,-2.0,0.0,-0.49625912,6.938384,16.4,2
1154,2009,12,12,CHA,Gerald Henderson,Duke,8.0,535.0,13854.0,5987.0,1716.0,1009.0,0.44,0.327,0.793,25.9,11.2,3.2,1.9,18.3,0.063,-1.8,0.6,-2.939767,9.071345,18.3,2
1155,2009,13,13,IND,Tyler Hansbrough,UNC,7.0,428.0,7233.0,2881.0,1808.0,181.0,0.439,0.136,0.738,16.9,6.7,4.2,0.4,20.2,0.134,-2.0,0.0,-0.81891394,6.625557,20.2,2
1157,2009,15,15,DET,Austin Daye,Gonzaga,6.0,293.0,4132.0,1522.0,764.0,212.0,0.402,0.351,0.778,14.1,5.2,2.6,0.7,4.5,0.053,-2.0,0.0,-3.5351007,4.433491,4.5,2
1165,2009,23,23,SAC,Omri Casspi,International,10.0,588.0,11959.0,4642.0,2355.0,662.0,0.454,0.368,0.678,20.3,7.9,4.0,1.1,19.6,0.078,-0.8,3.5,-2.0289445,8.710593,19.6,2
1167,2009,25,25,OKC,Rodrigue Beaubois,International,4.0,182.0,2896.0,1286.0,338.0,374.0,0.439,0.325,0.81,15.9,7.1,1.9,2.1,4.8,0.079,-0.1,1.4,-2.573327,3.2261229,4.8,2
1170,2009,28,28,MIN,Wayne Ellington,UNC,13.0,770.0,16100.0,6190.0,1643.0,852.0,0.41,0.382,0.843,20.9,8.0,2.1,1.1,21.1,0.063,-1.5,2.2,-2.4045131,10.163229,21.1,2
1171,2009,29,29,LAL,Toney Douglas,Florida State,8.0,394.0,7511.0,3009.0,875.0,889.0,0.404,0.354,0.824,19.1,7.6,2.2,2.3,12.1,0.077,-0.8,2.2,-3.744577,6.846376,12.1,2
1173,2009,31,31,SAC,Jeff Ayres,Arizona State,6.0,237.0,2322.0,690.0,632.0,99.0,0.553,0.4,0.776,9.8,2.9,2.7,0.4,6.3,0.131,-2.3,-0.2,-3.824728,1.6020685,6.3,2
1178,2009,36,36,MEM,Sam Young,Pitt,4.0,249.0,3966.0,1436.0,573.0,180.0,0.442,0.28,0.742,15.9,5.8,2.3,0.7,5.2,0.063,-2.1,-0.1,-3.9725964,3.2450044,5.2,2
1179,2009,37,37,SAS,DeJuan Blair,Pitt,7.0,424.0,7054.0,2865.0,2153.0,349.0,0.524,0.0,0.608,16.6,6.8,5.1,0.8,19.0,0.129,-1.2,1.4,1.389685,6.5746894,19.0,2
1180,2009,38,38,POR,Jon Brockman,Washington,3.0,150.0,1570.0,320.0,472.0,49.0,0.488,0.0,0.618,10.5,2.1,3.1,0.3,3.7,0.113,-3.9,-0.8,2.6074677,-6.4603453,3.7,2
1182,2009,40,40,CHA,Derrick Brown,Xavier,3.0,171.0,2554.0,895.0,413.0,119.0,0.515,0.317,0.637,14.9,5.2,2.4,0.7,4.5,0.085,-1.3,0.4,-3.8375113,0.44722125,4.5,2
1185,2009,43,43,MIA,Marcus Thornton,LSU,8.0,483.0,11299.0,5750.0,1348.0,677.0,0.425,0.358,0.83,23.4,11.9,2.8,1.4,20.0,0.085,0.2,6.2,-3.3846867,8.52896,20.0,2
1186,2009,44,44,DET,Chase Budinger,Arizona,7.0,407.0,7998.0,3198.0,1240.0,473.0,0.43,0.352,0.797,19.7,7.9,3.0,1.2,13.9,0.083,-0.5,2.9,-3.8341951,6.7436376,13.9,2
1194,2009,52,52,IND,A.J. Price,UConn,6.0,261.0,3929.0,1523.0,377.0,567.0,0.38,0.316,0.742,15.1,5.8,1.4,2.2,4.7,0.058,-1.3,0.7,-2.6782415,4.2657733,4.7,2
1204,2010,2,2,PHI,Evan Turner,Ohio State,10.0,705.0,18938.0,6824.0,3278.0,2462.0,0.434,0.294,0.782,26.9,9.7,4.6,3.5,20.2,0.051,-1.9,0.5,-2.4801278,12.218795,20.2,2
1206,2010,4,4,MIN,Wesley Johnson,Syracuse,9.0,609.0,13472.0,4235.0,1924.0,645.0,0.404,0.337,0.741,22.1,7.0,3.2,1.1,10.7,0.038,-1.6,1.2,-2.5400555,8.895381,10.7,2
1208,2010,6,6,GSW,Ekpe Udoh,Baylor,7.0,384.0,5694.0,1353.0,1100.0,260.0,0.453,0.0,0.718,14.8,3.5,2.9,0.7,10.4,0.088,-1.4,0.8,1.5245004,5.8468647,10.4,2
1213,2010,11,11,NOH,Cole Aldrich,Kansas,8.0,339.0,3389.0,1050.0,1131.0,183.0,0.527,0.0,0.738,10.0,3.1,3.3,0.5,9.6,0.135,0.1,1.8,1.8941032,5.4567113,9.6,2
1217,2010,15,15,MIL,Larry Sanders,VCU,6.0,238.0,4635.0,1520.0,1345.0,174.0,0.48,0.0,0.553,19.5,6.4,5.7,0.7,10.3,0.107,-1.1,1.1,1.1696095,5.563615,10.3,2
1218,2010,16,16,MIN,Luke Babbitt,Nevada,8.0,381.0,5332.0,1818.0,846.0,224.0,0.408,0.402,0.747,14.0,4.8,2.2,0.6,7.2,0.065,-2.1,-0.1,-3.917076,5.4677835,7.2,2
1219,2010,17,17,CHI,Kevin Séraphin,International,7.0,423.0,6430.0,2516.0,1462.0,246.0,0.489,0.0,0.715,15.2,5.9,3.5,0.6,5.9,0.044,-4.3,-3.6,1.4546916,6.2077227,5.9,2
1221,2010,19,19,BOS,Avery Bradley,Texas,12.0,660.0,18151.0,7279.0,1863.0,1105.0,0.434,0.365,0.783,27.5,11.0,2.8,1.7,17.2,0.045,-2.4,-1.8,-2.1525033,10.652793,17.2,2
1228,2010,26,26,OKC,Quincy Pondexter,Washington,7.0,355.0,5530.0,1609.0,640.0,263.0,0.423,0.356,0.746,15.6,4.5,1.8,0.7,9.7,0.084,-1.8,0.3,-3.7587905,4.9405303,9.7,2
1229,2010,27,27,NJN,Jordan Crawford,Xavier,6.0,281.0,6843.0,3432.0,703.0,883.0,0.411,0.317,0.826,24.4,12.2,2.5,3.1,6.3,0.044,-1.3,1.3,-3.0744293,5.867006,6.3,2
1230,2010,28,28,MEM,Greivis Vásquez,Maryland,7.0,401.0,9520.0,3591.0,1021.0,1935.0,0.418,0.349,0.817,23.7,9.0,2.5,4.8,12.6,0.064,-1.2,1.8,-4.0810485,9.050611,12.6,2
1237,2010,35,35,WAS,Nemanja Bjelica,International,7.0,449.0,9172.0,3412.0,2051.0,826.0,0.466,0.384,0.759,20.4,7.6,4.6,1.8,20.0,0.104,0.3,5.4,-3.0489857,7.600374,20.0,2
1241,2010,39,39,NYK,Landry Fields,Stanford,5.0,255.0,6010.0,1731.0,1092.0,419.0,0.473,0.332,0.666,23.6,6.8,4.3,1.6,10.5,0.084,-0.3,2.6,-4.3878946,4.130958,10.5,2
1242,2010,40,40,IND,Lance Stephenson,Cincinnati,10.0,554.0,12680.0,4738.0,2251.0,1621.0,0.445,0.314,0.694,22.9,8.6,4.1,2.9,17.5,0.066,-1.3,2.3,-2.9707,9.413323,17.5,2
1257,2010,55,55,UTA,Jeremy Evans,Western Kentucky,7.0,250.0,2626.0,879.0,641.0,107.0,0.569,0.231,0.687,10.5,3.5,2.6,0.4,8.2,0.15,0.9,1.9,-4.250685,-0.2609253,8.2,2
1264,2011,2,2,MIN,Derrick Williams,Arizona,7.0,428.0,8864.0,3809.0,1693.0,293.0,0.434,0.3,0.71,20.7,8.9,4.0,0.7,14.1,0.076,-1.6,0.8,-2.9687264,7.187204,14.1,2
1268,2011,6,6,WAS,Jan Veselý,International,3.0,162.0,2455.0,590.0,562.0,96.0,0.521,0.0,0.408,15.2,3.6,3.5,0.6,4.0,0.078,-2.6,-0.4,2.1274548,-4.5193024,4.0,2
1270,2011,8,8,DET,Brandon Knight,Kentucky,9.0,451.0,13202.0,6301.0,1385.0,1777.0,0.411,0.352,0.807,29.3,14.0,3.1,3.9,11.6,0.042,-1.6,1.4,-3.7240481,9.856148,11.6,2
1279,2011,17,17,NYK,Iman Shumpert,Georgia Tech,10.0,461.0,11470.0,3320.0,1534.0,845.0,0.391,0.337,0.764,24.9,7.2,3.3,1.8,12.9,0.054,-1.7,0.9,-3.5905495,7.8713765,12.9,2
1282,2011,20,20,MIN,Donatas Motiejūnas,International,6.0,251.0,4566.0,1832.0,952.0,269.0,0.469,0.3,0.597,18.2,7.3,3.8,1.1,7.1,0.075,-2.5,-0.5,-4.7361956,3.512277,7.1,2
1285,2011,23,23,HOU,Nikola Mirotić,International,5.0,319.0,7718.0,3910.0,1894.0,407.0,0.423,0.359,0.808,24.2,12.3,5.9,1.3,20.8,0.129,1.6,7.1,-3.352343,6.91907,20.8,2
1295,2011,33,33,DET,Kyle Singler,Duke,6.0,356.0,7794.0,2326.0,1026.0,272.0,0.418,0.362,0.786,21.9,6.5,2.9,0.8,10.0,0.062,-2.5,-0.9,-3.8291569,5.6978874,10.0,2
1296,2011,34,34,WAS,Shelvin Mack,Butler,8.0,456.0,8392.0,2997.0,894.0,1421.0,0.423,0.33,0.731,18.4,6.6,2.0,3.1,10.3,0.059,-1.9,0.1,-3.9047086,8.28807,10.3,2
1302,2011,40,40,MIL,Jon Leuer,Wisconsin,8.0,377.0,5945.0,2395.0,1426.0,301.0,0.484,0.328,0.767,15.8,6.4,3.8,0.8,13.2,0.107,-0.7,2.0,-4.1488214,5.1709995,13.2,2
1304,2011,42,42,IND,Dāvis Bertāns,International,6.0,387.0,7380.0,3165.0,1045.0,392.0,0.424,0.398,0.86,19.1,8.2,2.7,1.0,16.8,0.11,0.4,4.5,-4.0009966,6.6335473,16.8,2
1312,2011,50,50,PHI,Lavoy Allen,Temple,6.0,388.0,6905.0,1847.0,1843.0,384.0,0.471,0.133,0.682,17.8,4.8,4.8,1.0,13.8,0.096,-2.1,-0.1,-0.5016966,6.344752,13.8,2
1317,2011,55,55,BOS,E'Twaun Moore,Purdue,10.0,598.0,12564.0,4743.0,1208.0,1055.0,0.455,0.388,0.742,21.0,7.9,2.0,1.8,14.8,0.057,-1.9,0.2,-3.3551745,8.98872,14.8,2
1324,2012,2,2,CHA,Michael Kidd-Gilchrist,Kentucky,8.0,446.0,10978.0,3750.0,2420.0,515.0,0.474,0.272,0.715,24.6,8.4,5.4,1.2,21.0,0.092,-1.8,0.6,-1.7326076,7.5660386,21.0,2
1326,2012,4,4,CLE,Dion Waiters,Syracuse,8.0,419.0,11835.0,5505.0,1108.0,1163.0,0.412,0.346,0.694,28.2,13.1,2.6,2.8,8.8,0.036,-2.1,-0.4,-3.4559095,8.771624,8.8,2
1327,2012,5,5,SAC,Thomas Robinson,Kansas,5.0,313.0,4204.0,1528.0,1507.0,190.0,0.47,0.0,0.505,13.4,4.9,4.8,0.6,4.6,0.053,-3.5,-1.6,1.1369536,5.70041,4.6,2
1332,2012,10,10,NOH,Austin Rivers,Duke,10.0,655.0,15842.0,5741.0,1359.0,1438.0,0.418,0.349,0.649,24.2,8.8,2.1,2.2,13.9,0.042,-3.1,-4.2,-2.625272,10.012023,13.9,2
1333,2012,11,11,POR,Meyers Leonard,Illinois,9.0,447.0,7158.0,2502.0,1737.0,395.0,0.482,0.39,0.809,16.0,5.6,3.9,0.9,15.5,0.104,-1.4,1.1,-4.1513247,6.448566,15.5,2
1336,2012,14,14,MIL,John Henson,UNC,8.0,445.0,8752.0,3383.0,2368.0,496.0,0.54,0.25,0.568,19.7,7.6,5.3,1.1,20.7,0.113,-0.5,3.4,-1.2053376,7.5198493,20.7,2
1339,2012,17,17,DAL,Tyler Zeller,UNC,8.0,414.0,7254.0,2873.0,1820.0,367.0,0.508,0.286,0.764,17.5,6.9,4.4,0.9,17.1,0.113,-2.0,0.0,-2.067026,6.7056794,17.1,2
1340,2012,18,18,HOU,Terrence Jones,Kentucky,6.0,234.0,5562.0,2431.0,1334.0,238.0,0.501,0.297,0.621,23.8,10.4,5.7,1.0,14.7,0.127,0.5,3.6,-4.727682,3.8520963,14.7,2
1341,2012,19,19,ORL,Andrew Nicholson,St. Bonaventure,5.0,285.0,4080.0,1700.0,857.0,126.0,0.467,0.321,0.773,14.3,6.0,3.0,0.4,3.8,0.045,-3.6,-1.6,-3.8116546,4.043299,3.8,2
1343,2012,21,21,BOS,Jared Sullinger,Ohio State,5.0,269.0,6532.0,2893.0,2006.0,477.0,0.436,0.272,0.723,24.3,10.8,7.5,1.8,15.3,0.113,-0.4,2.7,-4.089134,5.2813535,15.3,2
1348,2012,26,26,IND,Miles Plumlee,Duke,7.0,346.0,5658.0,1697.0,1562.0,178.0,0.542,0.0,0.543,16.4,4.9,4.5,0.5,10.6,0.09,-1.9,0.2,1.2396286,5.910526,10.6,2
1352,2012,30,30,GSW,Festus Ezeli,Vanderbilt,3.0,170.0,2394.0,712.0,725.0,63.0,0.513,0.0,0.557,14.1,4.2,4.3,0.4,5.9,0.119,-2.0,0.0,2.8909597,-6.3184237,5.9,2
1354,2012,32,32,WAS,Tomáš Satoranský,International,6.0,388.0,8617.0,2676.0,1117.0,1586.0,0.468,0.354,0.82,22.2,6.9,2.9,4.1,17.9,0.1,-0.9,2.4,-4.1278276,8.495443,17.9,2
1359,2012,37,37,TOR,Quincy Acy,Baylor,7.0,337.0,5392.0,1642.0,1179.0,217.0,0.444,0.35,0.759,16.0,4.9,3.5,0.6,8.7,0.078,-2.0,-0.1,-3.9215305,4.718066,8.7,2
1365,2012,43,43,ATL,Mike Scott,Virginia,9.0,555.0,9182.0,3736.0,1727.0,499.0,0.453,0.362,0.757,16.5,6.7,3.1,0.9,16.8,0.088,-1.7,0.6,-2.8803895,7.9094977,16.8,2
1367,2012,45,45,PHI,Justin Hamilton,LSU,3.0,113.0,1961.0,687.0,403.0,91.0,0.464,0.309,0.798,17.4,6.1,3.6,0.8,3.7,0.091,-0.9,0.5,-3.155846,1.8762997,3.7,2
1368,2012,46,46,NOH,Darius Miller,Kentucky,6.0,271.0,5358.0,1597.0,447.0,367.0,0.419,0.383,0.84,19.8,5.9,1.6,1.4,6.5,0.059,-2.3,-0.4,-1.9578857,4.2167425,6.5,2
1371,2012,49,49,ORL,Kyle O'Quinn,Norfolk State,8.0,472.0,6714.0,2568.0,2166.0,643.0,0.517,0.218,0.74,14.2,5.4,4.6,1.4,17.8,0.128,0.9,5.0,-1.3389435,6.854086,17.8,2
1389,2013,7,7,SAC,Ben McLemore,Kansas,9.0,556.0,12534.0,5015.0,1269.0,563.0,0.414,0.363,0.78,22.5,9.0,2.3,1.0,9.0,0.035,-3.1,-3.4,-3.2121913,8.540572,9.0,2
1391,2013,9,9,MIN,Trey Burke,Michigan,9.0,498.0,10401.0,4792.0,878.0,1522.0,0.41,0.345,0.81,20.9,9.6,1.8,3.1,12.9,0.06,-1.3,1.7,-4.037968,9.317855,12.9,2
1393,2013,11,11,PHI,Michael Carter-Williams,Syracuse,8.0,391.0,9898.0,4023.0,1713.0,1701.0,0.402,0.255,0.706,25.3,10.3,4.4,4.4,6.6,0.032,-1.2,1.9,-3.788084,8.690785,6.6,2
1396,2013,14,14,UTA,Shabazz Muhammad,UCLA,5.0,278.0,4772.0,2504.0,770.0,151.0,0.473,0.319,0.751,17.2,9.0,2.8,0.5,8.5,0.085,-2.0,0.0,-3.798055,4.208228,8.5,2
1398,2013,16,16,BOS,Lucas Nogueira,International,4.0,141.0,1754.0,446.0,388.0,72.0,0.632,0.265,0.64,12.4,3.2,2.8,0.5,6.0,0.165,2.3,1.9,-4.401768,0.27001476,6.0,2
1400,2013,18,18,ATL,Shane Larkin,Miami (FL),4.0,256.0,4880.0,1399.0,490.0,737.0,0.422,0.336,0.777,19.1,5.5,1.9,2.9,4.4,0.044,-2.4,-0.6,-2.76214,4.927245,4.4,2
1402,2013,20,20,CHI,Tony Snell,New Mexico,9.0,601.0,13093.0,3672.0,1371.0,669.0,0.431,0.394,0.846,21.8,6.1,2.3,1.1,18.5,0.068,-2.0,-0.1,-3.436043,8.237253,18.5,2
1405,2013,23,23,IND,Solomon Hill,Arizona,9.0,448.0,9652.0,2453.0,1399.0,662.0,0.388,0.331,0.797,21.5,5.5,3.1,1.5,11.9,0.059,-2.1,-0.3,-3.792246,7.2658577,11.9,2
1407,2013,25,25,LAC,Reggie Bullock,UNC,9.0,434.0,9775.0,3382.0,1095.0,524.0,0.427,0.385,0.842,22.5,7.8,2.5,1.2,18.1,0.089,-0.8,3.0,-4.0187564,7.2870617,18.1,2
1408,2013,26,26,MIN,Andre Roberson,Colorado,7.0,307.0,6801.0,1382.0,1230.0,265.0,0.473,0.253,0.468,22.2,4.5,4.0,0.9,12.6,0.089,-0.6,2.3,-4.801821,3.5910203,12.6,2
1413,2013,31,31,CLE,Allen Crabbe,California,7.0,381.0,9125.0,3453.0,1073.0,434.0,0.425,0.387,0.831,24.0,9.1,2.8,1.1,13.7,0.072,-1.6,0.9,-3.9687502,6.9028707,13.7,2
1414,2013,32,32,OKC,Álex Abrines,International,3.0,174.0,2777.0,924.0,248.0,88.0,0.387,0.368,0.88,16.0,5.3,1.4,0.5,5.0,0.086,-1.9,0.1,-1.2903776,3.1306884,5.0,2
1416,2013,34,34,HOU,Isaiah Canaan,Murray State,6.0,235.0,4799.0,1913.0,438.0,454.0,0.371,0.351,0.836,20.4,8.1,1.9,1.9,4.3,0.043,-2.4,-0.5,-2.265477,4.1642265,4.3,2
1421,2013,39,39,POR,Jeff Withey,Kansas,5.0,206.0,2072.0,666.0,518.0,64.0,0.525,0.143,0.716,10.1,3.2,2.5,0.3,6.8,0.157,0.5,1.3,-3.8788989,-1.3967547,6.8,2
1426,2013,44,44,DAL,Mike Muscala,Bucknell,9.0,432.0,6694.0,2666.0,1371.0,378.0,0.458,0.377,0.847,15.5,6.2,3.2,0.9,16.6,0.119,0.2,3.8,-4.188989,6.488091,16.6,2
1429,2013,47,47,ATL,Raul Neto,International,7.0,387.0,6260.0,2313.0,612.0,834.0,0.455,0.366,0.804,16.2,6.0,1.6,2.2,10.1,0.077,-1.6,0.6,-3.1081843,5.9536963,10.1,2
1432,2013,50,50,ATL,James Ennis III,Cal State Long Beach,8.0,395.0,8022.0,2629.0,1306.0,373.0,0.457,0.36,0.797,20.3,6.7,3.3,0.9,16.2,0.097,-1.5,0.9,-4.0274115,6.379761,16.2,2
1437,2013,55,55,MEM,Joffrey Lauvergne,International,4.0,208.0,2823.0,1159.0,789.0,180.0,0.479,0.285,0.719,13.6,5.6,3.8,0.9,5.2,0.089,-2.1,-0.1,-4.1241565,2.7439227,5.2,2
1444,2014,2,2,MIL,Jabari Parker,Duke,8.0,310.0,8535.0,4380.0,1703.0,610.0,0.494,0.326,0.743,27.5,14.1,5.5,2.0,13.8,0.078,-0.8,2.5,-2.8038173,6.9433274,13.8,2
1450,2014,8,8,SAC,Nik Stauskas,Michigan,6.0,343.0,6701.0,2290.0,691.0,515.0,0.389,0.354,0.812,19.5,6.7,2.0,1.5,3.9,0.028,-3.0,-1.7,-3.4512892,5.269705,3.9,2
1451,2014,9,9,CHH,Noah Vonleh,Indiana,7.0,339.0,5683.0,1660.0,1742.0,257.0,0.459,0.308,0.691,16.8,4.9,5.1,0.8,9.2,0.078,-2.4,-0.6,-4.349338,4.865846,9.2,2
1452,2014,10,10,PHI,Elfrid Payton,Louisiana,8.0,500.0,13383.0,5036.0,2007.0,2868.0,0.447,0.287,0.623,26.8,10.1,4.0,5.7,15.8,0.057,-0.9,3.7,-3.4479678,11.653754,15.8,2
1453,2014,11,11,DEN,Doug McDermott,Creighton,8.0,527.0,11012.0,4846.0,1236.0,496.0,0.476,0.409,0.82,20.9,9.2,2.3,0.9,19.2,0.084,-1.9,0.4,-3.5942478,7.826438,19.2,2
1454,2014,12,12,ORL,Dario Šarić,International,5.0,356.0,8965.0,4180.0,2086.0,699.0,0.441,0.357,0.838,25.2,11.7,5.9,2.0,16.4,0.088,-0.8,2.6,-3.2000368,7.1573005,16.4,2
1456,2014,14,14,PHO,T.J. Warren,NC State,7.0,332.0,9553.0,5142.0,1372.0,397.0,0.507,0.357,0.78,28.8,15.5,4.1,1.2,19.6,0.099,-0.2,4.2,-2.8542194,7.000209,19.6,2
1461,2014,19,19,CHI,Gary Harris,Michigan State,8.0,468.0,13473.0,5526.0,1162.0,965.0,0.448,0.363,0.812,28.8,11.8,2.5,2.1,20.8,0.074,-1.4,2.1,-3.4885948,8.870287,20.8,2
1465,2014,23,23,UTA,Rodney Hood,Duke,8.0,448.0,10977.0,4656.0,1160.0,736.0,0.42,0.366,0.841,24.5,10.4,2.6,1.6,17.4,0.076,-1.2,2.2,-3.7275252,7.9942756,17.4,2
1466,2014,24,24,CHH,Shabazz Napier,UConn,6.0,345.0,5986.0,2433.0,657.0,849.0,0.397,0.345,0.815,17.4,7.1,1.9,2.5,8.1,0.065,-0.7,2.0,-2.9929328,5.6651964,8.1,2
1469,2014,27,27,PHO,Bogdan Bogdanović,International,5.0,316.0,9041.0,4501.0,1083.0,1073.0,0.439,0.384,0.822,28.6,14.2,3.4,3.4,16.2,0.086,0.4,5.5,-3.0877864,6.470156,16.2,2
1475,2014,33,33,CLE,Joe Harris,Virginia,8.0,414.0,10601.0,4584.0,1344.0,679.0,0.483,0.439,0.78,25.6,11.1,3.2,1.6,20.5,0.093,-0.5,3.9,-3.5997672,7.5380383,20.5,2
1482,2014,40,40,MIN,Glenn Robinson III,Michigan,7.0,304.0,5299.0,1804.0,776.0,238.0,0.457,0.373,0.779,17.4,5.9,2.6,0.8,7.9,0.071,-1.7,0.4,-3.696808,4.512536,7.9,2
1504,2015,2,2,LAL,D'Angelo Russell,Ohio State,7.0,424.0,12477.0,7504.0,1503.0,2370.0,0.42,0.356,0.781,29.4,17.7,3.5,5.6,14.4,0.055,0.5,8.0,-3.799596,10.096344,14.4,2
1505,2015,3,3,PHI,Jahlil Okafor,Duke,6.0,247.0,4827.0,2566.0,1169.0,225.0,0.542,0.222,0.676,19.5,10.4,4.7,0.9,7.2,0.071,-2.0,0.0,-4.7020555,3.6539817,7.2,2
1510,2015,8,8,DET,Stanley Johnson,Arizona,7.0,419.0,8410.0,2632.0,1309.0,612.0,0.384,0.3,0.754,20.1,6.3,3.1,1.5,6.2,0.035,-2.8,-1.7,-3.6846797,6.903234,6.2,2
1511,2015,9,9,CHO,Frank Kaminsky,Wisconsin,7.0,377.0,7925.0,3541.0,1527.0,619.0,0.429,0.348,0.743,21.0,9.4,4.1,1.6,15.2,0.092,-0.3,3.4,-3.4516,6.7403035,15.2,2
1512,2015,10,10,MIA,Justise Winslow,Duke,7.0,315.0,8129.0,2633.0,1615.0,791.0,0.413,0.315,0.634,25.8,8.4,5.1,2.5,7.8,0.046,-2.1,-0.2,-3.739089,5.9347253,7.8,2
1514,2015,12,12,UTA,Trey Lyles,Kentucky,7.0,449.0,8217.0,3503.0,1953.0,477.0,0.441,0.338,0.737,18.3,7.8,4.3,1.1,14.5,0.085,-1.0,2.0,-3.0065346,7.3602567,14.5,2
1516,2015,14,14,OKC,Cameron Payne,Murray State,7.0,279.0,4994.0,2132.0,624.0,905.0,0.421,0.362,0.83,17.9,7.6,2.2,3.2,8.2,0.079,-0.4,2.0,-2.749213,5.3683867,8.2,2
1517,2015,15,15,ATL,Kelly Oubre Jr.,Kansas,7.0,479.0,12061.0,5769.0,2074.0,484.0,0.434,0.331,0.749,25.2,12.0,4.3,1.0,17.6,0.07,-1.8,0.5,-2.6656313,8.696084,17.6,2
1520,2015,18,18,HOU,Sam Dekker,Wisconsin,5.0,201.0,3097.0,1094.0,607.0,160.0,0.478,0.288,0.606,15.4,5.4,3.0,0.8,5.4,0.083,-1.4,0.5,-4.724345,2.9280684,5.4,2
1521,2015,19,19,WAS,Jerian Grant,Notre Dame,5.0,279.0,4998.0,1692.0,530.0,805.0,0.411,0.323,0.77,17.9,6.1,1.9,2.9,8.3,0.08,-1.6,0.5,-2.790847,5.0222263,8.3,2
1523,2015,21,21,DAL,Justin Anderson,Virginia,6.0,242.0,3280.0,1284.0,621.0,184.0,0.41,0.292,0.775,13.6,5.3,2.6,0.8,4.9,0.072,-1.5,0.4,-3.3604515,3.3266473,4.9,2
1524,2015,22,22,CHI,Bobby Portis,Arkansas,7.0,453.0,9837.0,5021.0,2995.0,537.0,0.47,0.383,0.752,21.7,11.1,6.6,1.2,21.1,0.103,-0.6,3.5,-2.2104373,8.566413,21.1,2
1525,2015,23,23,POR,Rondae Hollis-Jefferson,Arizona,6.0,305.0,6759.0,2760.0,1684.0,579.0,0.449,0.212,0.735,22.2,9.0,5.5,1.9,12.9,0.091,-0.7,2.3,-1.6945267,6.166302,12.9,2
1526,2015,24,24,CLE,Tyus Jones,Duke,7.0,455.0,8377.0,2807.0,799.0,1691.0,0.435,0.352,0.818,18.4,6.2,1.8,3.7,19.3,0.111,0.4,5.1,-4.1194997,8.639563,19.3,2
1532,2015,30,30,GSW,Kevon Looney,UCLA,7.0,367.0,6014.0,1721.0,1750.0,498.0,0.567,0.172,0.606,16.4,4.7,4.8,1.4,20.4,0.163,-0.2,2.7,-0.6521731,6.3577046,20.4,2
1533,2015,31,31,MIN,Cedi Osman,International,5.0,327.0,7998.0,3269.0,1055.0,699.0,0.423,0.349,0.718,24.5,10.0,3.2,2.1,7.3,0.044,-2.4,-0.8,-3.500242,6.1413817,7.3,2
1537,2015,35,35,PHI,Willy Hernangómez,International,6.0,306.0,4691.0,2262.0,1802.0,331.0,0.534,0.309,0.702,15.3,7.4,5.9,1.1,14.6,0.15,0.1,2.5,-4.5436835,4.393119,14.6,2
1543,2015,41,41,BRK,Pat Connaughton,Notre Dame,7.0,417.0,7717.0,2469.0,1392.0,521.0,0.445,0.365,0.797,18.5,5.9,3.3,1.2,18.1,0.112,0.0,3.9,-4.141926,6.4752164,18.1,2
1548,2015,46,46,MIL,Norman Powell,UCLA,7.0,421.0,9423.0,4776.0,1088.0,625.0,0.463,0.384,0.831,22.4,11.3,2.6,1.5,19.5,0.099,-0.1,4.4,-3.73756,7.454555,19.5,2
1564,2016,2,2,LAL,Brandon Ingram,Duke,6.0,368.0,12080.0,6812.0,1896.0,1412.0,0.461,0.36,0.769,32.8,18.5,5.2,3.8,18.7,0.074,-0.3,5.2,-3.3680723,9.564358,18.7,2
1567,2016,5,5,MIN,Kris Dunn,Providence,6.0,245.0,5897.0,1995.0,815.0,1029.0,0.42,0.299,0.739,24.1,8.1,3.3,4.2,3.9,0.031,-2.1,-0.2,-2.9410748,5.3229656,3.9,2
1568,2016,6,6,NOP,Buddy Hield,Oklahoma,6.0,468.0,13675.0,7463.0,2003.0,1180.0,0.43,0.398,0.865,29.2,15.9,4.3,2.5,17.1,0.06,0.1,7.3,-3.0700114,9.938939,17.1,2
1569,2016,7,7,DEN,Jamal Murray,Kentucky,5.0,345.0,10384.0,5639.0,1258.0,1322.0,0.446,0.367,0.878,30.1,16.3,3.6,3.8,20.8,0.096,0.3,6.0,-3.7332072,9.21047,20.8,2
1570,2016,8,8,SAC,Marquese Chriss,Washington,6.0,292.0,5338.0,2206.0,1366.0,298.0,0.456,0.29,0.667,18.3,7.6,4.7,1.0,6.5,0.058,-2.4,-0.5,-4.509598,4.4568014,6.5,2
1572,2016,10,10,MIL,Thon Maker,International,5.0,263.0,3624.0,1216.0,726.0,161.0,0.435,0.327,0.68,13.8,4.6,2.8,0.6,6.6,0.087,-2.1,-0.1,-4.01071,3.4741523,6.6,2
1574,2016,12,12,UTA,Taurean Prince,Baylor,6.0,370.0,8936.0,3899.0,1442.0,647.0,0.416,0.371,0.815,24.2,10.5,3.9,1.7,8.3,0.045,-1.8,0.5,-3.6827176,7.028118,8.3,2
1576,2016,14,14,CHI,Denzel Valentine,Michigan State,5.0,256.0,4817.0,1795.0,857.0,466.0,0.394,0.36,0.787,18.8,7.0,3.3,1.8,4.5,0.044,-1.9,0.2,-3.1144464,4.375067,4.5,2
1577,2016,15,15,DEN,Juancho Hernangómez,International,6.0,297.0,4655.0,1589.0,1008.0,191.0,0.428,0.351,0.681,15.7,5.4,3.4,0.6,8.1,0.083,-1.8,0.3,-4.1446548,3.754581,8.1,2
1581,2016,19,19,DEN,Malik Beasley,Florida State,6.0,336.0,7026.0,3488.0,825.0,418.0,0.43,0.386,0.816,20.9,10.4,2.5,1.2,10.5,0.071,-0.9,2.0,-3.7267334,6.1704664,10.5,2
1582,2016,20,20,IND,Caris LeVert,Michigan,6.0,318.0,8761.0,4649.0,1216.0,1257.0,0.437,0.333,0.737,27.6,14.6,3.8,4.0,11.9,0.065,-0.5,3.3,-3.223309,6.637283,11.9,2
1583,2016,21,21,ATL,DeAndre' Bembry,Saint Joseph's,6.0,296.0,5670.0,1750.0,950.0,533.0,0.474,0.283,0.611,19.2,5.9,3.2,1.8,4.4,0.038,-2.3,-0.4,-4.6786594,3.7933164,4.4,2
1585,2016,23,23,BOS,Ante Žižić,International,3.0,113.0,1517.0,674.0,446.0,64.0,0.581,0.0,0.711,13.4,6.0,3.9,0.6,3.5,0.11,-2.6,-0.2,2.8071334,-5.1154094,3.5,2
1586,2016,24,24,PHI,Timothé Luwawu-Cabarrot,International,6.0,328.0,5254.0,1937.0,656.0,293.0,0.391,0.335,0.829,16.0,5.9,2.0,0.9,4.7,0.043,-4.0,-2.7,-3.6072543,4.9747252,4.7,2
1588,2016,26,26,PHI,Furkan Korkmaz,International,5.0,256.0,4794.0,2016.0,574.0,344.0,0.405,0.355,0.769,18.7,7.9,2.2,1.3,7.1,0.071,-1.8,0.3,-3.2360697,4.2149925,7.1,2
1590,2016,28,28,PHO,Skal Labissière,Kentucky,4.0,148.0,2595.0,1069.0,662.0,152.0,0.492,0.353,0.748,17.5,7.2,4.5,1.0,4.4,0.081,-2.3,-0.2,-3.606267,1.8153487,4.4,2
1591,2016,29,29,SAS,Dejounte Murray,Washington,5.0,320.0,8257.0,3993.0,1920.0,1540.0,0.455,0.33,0.771,25.8,12.5,6.0,4.8,16.4,0.096,1.8,7.8,-3.951693,8.559122,16.4,2
1592,2016,30,30,GSW,Damian Jones,Vanderbilt,6.0,199.0,3035.0,1117.0,685.0,163.0,0.665,0.302,0.702,15.3,5.6,3.4,0.8,9.3,0.146,-0.9,0.8,-4.492512,0.73955154,9.3,2
1593,2016,31,31,BOS,Deyonta Davis,Michigan State,3.0,107.0,1299.0,454.0,346.0,47.0,0.599,0.0,0.635,12.1,4.2,3.2,0.4,3.6,0.131,-2.1,0.0,2.81594,-4.831689,3.6,2
1595,2016,33,33,LAC,Cheick Diallo,Kansas,5.0,183.0,2186.0,958.0,759.0,78.0,0.596,0.286,0.774,11.9,5.2,4.1,0.4,6.3,0.139,-1.4,0.3,-4.399918,0.75135523,6.3,2
1600,2016,38,38,MIL,Patrick McCaw,UNLV,5.0,199.0,3373.0,760.0,319.0,270.0,0.42,0.305,0.785,16.9,3.8,1.6,1.4,4.4,0.062,-2.8,-0.6,-2.6436892,2.893235,4.4,2
1609,2016,47,47,ORL,Jake Layman,Maryland,6.0,243.0,3099.0,1175.0,417.0,127.0,0.46,0.3,0.719,12.8,4.8,1.7,0.5,3.8,0.059,-2.3,-0.2,-3.9735322,2.8214812,3.8,2
1612,2016,50,50,IND,Georges Niang,Iowa State,6.0,305.0,4454.0,1857.0,619.0,248.0,0.437,0.404,0.873,14.6,6.1,2.0,0.8,8.1,0.088,-1.1,1.0,-2.1226087,4.2574573,8.1,2
1623,2017,1,1,PHI,Markelle Fultz,Washington,5.0,131.0,3251.0,1423.0,425.0,623.0,0.45,0.262,0.708,24.8,10.9,3.2,4.8,3.5,0.052,-2.0,0.0,-3.7935925,2.200638,3.5,2
1624,2017,2,2,LAL,Lonzo Ball,UCLA,5.0,252.0,8187.0,2995.0,1447.0,1563.0,0.4,0.364,0.578,32.5,11.9,5.7,6.2,11.4,0.067,1.0,6.3,-3.3764377,6.2219114,11.4,2
1627,2017,5,5,SAC,De'Aaron Fox,Kentucky,5.0,322.0,10325.0,6148.0,1138.0,2005.0,0.462,0.32,0.725,32.1,19.1,3.5,6.2,15.7,0.073,0.1,5.4,-3.8543737,9.739527,15.7,2
1628,2017,6,6,ORL,Jonathan Isaac,Florida State,3.0,136.0,3512.0,1269.0,741.0,146.0,0.435,0.33,0.797,25.8,9.3,5.4,1.1,6.7,0.091,0.2,2.0,-2.9648519,2.8306944,6.7,2
1629,2017,7,7,MIN,Lauri Markkanen,Arizona,5.0,282.0,8389.0,4339.0,1904.0,354.0,0.441,0.364,0.85,29.7,15.4,6.8,1.3,16.6,0.095,-0.1,4.0,-3.2672617,7.0091286,16.6,2
1632,2017,10,10,SAC,Zach Collins,Gonzaga,4.0,182.0,3193.0,1099.0,767.0,200.0,0.452,0.327,0.743,17.5,6.0,4.2,1.1,5.1,0.077,-2.2,-0.2,-3.460208,2.564829,5.1,2
1633,2017,11,11,CHO,Malik Monk,Kentucky,5.0,309.0,6298.0,3176.0,717.0,627.0,0.424,0.355,0.83,20.4,10.3,2.3,2.0,5.6,0.043,-1.9,0.1,-3.404163,5.8399186,5.6,2
1634,2017,12,12,DET,Luke Kennard,Duke,5.0,297.0,6973.0,2966.0,847.0,603.0,0.449,0.425,0.869,23.5,10.0,2.9,2.0,14.2,0.098,-0.3,3.0,-3.561568,6.079706,14.2,2
1637,2017,15,15,POR,Justin Jackson,UNC,5.0,255.0,4779.0,1656.0,637.0,276.0,0.426,0.321,0.799,18.7,6.5,2.5,1.1,5.3,0.053,-2.8,-1.0,-3.3575497,3.8526523,5.3,2
1643,2017,21,21,OKC,Terrance Ferguson,International,4.0,204.0,4000.0,924.0,263.0,144.0,0.404,0.334,0.753,19.6,4.5,1.3,0.7,4.4,0.053,-4.0,-2.1,-2.73963,3.2421231,4.4,2
1645,2017,23,23,TOR,OG Anunoby,Indiana,5.0,301.0,8060.0,3144.0,1246.0,429.0,0.47,0.372,0.709,26.8,10.4,4.1,1.4,17.6,0.105,0.1,4.3,-3.601345,6.1385584,17.6,2
1649,2017,27,27,BRK,Kyle Kuzma,Utah,5.0,342.0,10399.0,5336.0,2116.0,759.0,0.449,0.339,0.723,30.4,15.6,6.2,2.2,14.2,0.066,-1.0,2.7,-2.8265958,8.473616,14.2,2
1650,2017,28,28,LAL,Tony Bradley,UNC,5.0,167.0,1961.0,773.0,718.0,89.0,0.634,0.429,0.672,11.7,4.6,4.3,0.5,7.4,0.181,0.2,1.1,-4.2074394,1.152596,7.4,2
1651,2017,29,29,SAS,Derrick White,Colorado,5.0,263.0,6807.0,3027.0,864.0,1006.0,0.442,0.34,0.838,25.9,11.5,3.3,3.8,15.3,0.108,1.1,5.3,-2.875754,5.871732,15.3,2
1652,2017,30,30,UTA,Josh Hart,Villanova,5.0,296.0,8071.0,2918.0,1701.0,614.0,0.45,0.347,0.739,27.3,9.9,5.7,2.1,15.7,0.094,-0.3,3.4,-3.396833,6.411061,15.7,2
1655,2017,33,33,ORL,Wes Iwundu,Kansas State,5.0,226.0,3827.0,989.0,555.0,208.0,0.408,0.292,0.798,16.9,4.4,2.5,0.9,4.2,0.053,-3.9,-1.8,-3.1378033,3.2381399,4.2,2
1659,2017,37,37,BOS,Semi Ojeleye,SMU,5.0,284.0,4111.0,975.0,613.0,126.0,0.384,0.344,0.717,14.5,3.4,2.2,0.4,5.2,0.061,-3.4,-1.5,-3.6666715,3.6705554,5.2,2
1660,2017,38,38,CHI,Jordan Bell,Oregon,5.0,161.0,1937.0,593.0,497.0,201.0,0.552,0.2,0.636,12.0,3.7,3.1,1.2,4.9,0.121,0.2,1.1,-4.2071414,-0.9495281,4.9,2
1664,2017,42,42,UTA,Thomas Bryant,Indiana,5.0,170.0,3425.0,1733.0,971.0,219.0,0.59,0.35,0.764,20.1,10.2,5.7,1.3,11.6,0.163,1.5,3.0,-4.3390627,1.0388923,11.6,2
1665,2017,43,43,HOU,Isaiah Hartenstein,International,4.0,165.0,2262.0,959.0,650.0,248.0,0.6,0.383,0.682,13.7,5.8,3.9,1.5,8.5,0.181,1.9,2.2,-4.26798,1.1460153,8.5,2
1667,2017,45,45,HOU,Dillon Brooks,Oregon,5.0,272.0,7674.0,3955.0,829.0,546.0,0.421,0.348,0.799,28.2,14.5,3.0,2.0,5.3,0.033,-3.8,-3.5,-3.3019066,5.7960258,5.3,2
1668,2017,46,46,PHI,Sterling Brown,SMU,5.0,264.0,4434.0,1431.0,883.0,266.0,0.42,0.364,0.796,16.8,5.4,3.3,1.0,6.5,0.071,-2.1,-0.1,-3.3886404,4.3380737,6.5,2
1673,2017,51,51,DEN,Monte Morris,Iowa State,5.0,280.0,7066.0,2947.0,655.0,1042.0,0.481,0.394,0.83,25.2,10.5,2.3,3.7,18.5,0.125,0.3,4.2,-2.8716447,5.9625874,18.5,2
1684,2018,2,2,SAC,Marvin Bagley III,Duke,4.0,166.0,4159.0,2256.0,1224.0,151.0,0.501,0.291,0.663,25.1,13.6,7.4,0.9,7.3,0.085,-2.1,-0.1,-4.6761622,3.5410914,7.3,2
1686,2018,4,4,MEM,Jaren Jackson Jr.,Michigan State,4.0,204.0,5521.0,3218.0,1050.0,240.0,0.453,0.351,0.791,27.1,15.8,5.1,1.2,12.8,0.112,0.0,2.8,-3.3750055,4.1041336,12.8,2
1688,2018,6,6,ORL,Mo Bamba,Texas,4.0,226.0,4193.0,1747.0,1372.0,201.0,0.475,0.352,0.685,18.6,7.7,6.1,0.9,10.4,0.119,0.2,2.3,-4.2585406,3.8872797,10.4,2
1689,2018,7,7,CHI,Wendell Carter Jr.,Duke,4.0,203.0,5593.0,2476.0,1803.0,404.0,0.513,0.298,0.731,27.6,12.2,8.9,2.0,13.6,0.116,-0.7,1.9,-4.5913596,4.2894425,13.6,2
1690,2018,8,8,CLE,Collin Sexton,Alabama,4.0,218.0,7179.0,4356.0,663.0,720.0,0.458,0.378,0.827,32.9,20.0,3.0,3.3,5.4,0.036,-2.5,-0.9,-2.788819,5.9064007,5.4,2
1693,2018,11,11,CHO,Shai Gilgeous-Alexander,Kentucky,4.0,243.0,7724.0,4421.0,1088.0,1040.0,0.473,0.348,0.807,31.8,18.2,4.5,4.3,17.6,0.109,1.9,7.5,-2.922327,6.298688,17.6,2
1694,2018,12,12,LAC,Miles Bridges,Michigan State,4.0,291.0,8460.0,3893.0,1641.0,656.0,0.473,0.346,0.809,29.1,13.4,5.6,2.3,16.0,0.091,-0.2,3.8,-3.0182273,6.9490156,16.0,2
1696,2018,14,14,DEN,Michael Porter Jr.,Missouri,3.0,125.0,3080.0,1763.0,763.0,133.0,0.518,0.419,0.795,24.6,14.1,6.1,1.1,9.6,0.15,2.1,3.1,-3.1347303,2.2421153,9.6,2
1697,2018,15,15,WAS,Troy Brown Jr.,Oregon,4.0,221.0,4091.0,1408.0,836.0,353.0,0.429,0.337,0.755,18.5,6.4,3.8,1.6,4.9,0.058,-2.0,0.0,-3.2963388,3.7887106,4.9,2
1699,2018,17,17,MIL,Donte DiVincenzo,Villanova,4.0,201.0,4751.0,1809.0,933.0,506.0,0.415,0.347,0.766,23.6,9.0,4.6,2.5,9.2,0.093,-0.2,2.2,-3.1801567,4.1022086,9.2,2
1701,2018,19,19,ATL,Kevin Huerter,Maryland,4.0,274.0,8122.0,3125.0,958.0,871.0,0.431,0.379,0.788,29.6,11.4,3.5,3.2,9.4,0.056,-1.3,1.4,-3.1553416,6.1364484,9.4,2
1702,2018,20,20,MIN,Josh Okogie,Georgia Tech,4.0,244.0,5017.0,1552.0,712.0,278.0,0.403,0.275,0.758,20.6,6.4,2.9,1.1,5.3,0.051,-2.9,-1.2,-3.497772,3.4199634,5.3,2
1703,2018,21,21,UTA,Grayson Allen,Duke,4.0,192.0,4198.0,1806.0,490.0,285.0,0.433,0.393,0.841,21.9,9.4,2.6,1.5,8.1,0.092,-0.7,1.4,-1.907948,3.977958,8.1,2
1705,2018,23,23,IND,Aaron Holiday,UCLA,4.0,245.0,4460.0,1796.0,434.0,588.0,0.412,0.373,0.84,18.2,7.3,1.8,2.4,4.7,0.051,-2.3,-0.4,-2.017983,4.3189516,4.7,2
1706,2018,24,24,POR,Anfernee Simons,International,4.0,211.0,4375.0,2144.0,456.0,420.0,0.425,0.392,0.833,20.7,10.2,2.2,2.0,4.0,0.043,-2.2,-0.2,-1.9974265,4.177651,4.0,2
1707,2018,25,25,LAL,Moritz Wagner,Michigan,4.0,196.0,2963.0,1474.0,682.0,217.0,0.487,0.321,0.813,15.1,7.5,3.5,1.1,5.9,0.096,-1.4,0.4,-3.2469966,2.5641603,5.9,2
1708,2018,26,26,PHI,Landry Shamet,Wichita State,4.0,262.0,6094.0,2354.0,472.0,423.0,0.41,0.39,0.835,23.3,9.0,1.8,1.6,10.6,0.083,-1.8,0.3,-2.0445783,4.462172,10.6,2
1709,2018,27,27,BOS,Robert Williams,Texas A&M,4.0,174.0,3460.0,1255.0,1155.0,249.0,0.728,0.0,0.665,19.9,7.2,6.6,1.4,18.4,0.255,5.3,6.3,2.737711,-4.469188,18.4,2
1714,2018,32,32,MEM,Jevon Carter,West Virginia,4.0,223.0,3144.0,984.0,386.0,320.0,0.386,0.383,0.81,14.1,4.4,1.7,1.4,4.5,0.069,-1.1,0.7,-1.8687233,3.5524807,4.5,2
1715,2018,33,33,DAL,Jalen Brunson,Villanova,4.0,277.0,6834.0,3286.0,843.0,1034.0,0.494,0.373,0.8,24.7,11.9,3.0,3.7,17.3,0.121,0.0,3.5,-2.893699,6.1916194,17.3,2
1716,2018,34,34,ATL,Devonte' Graham,Kansas,4.0,240.0,6708.0,3080.0,600.0,1203.0,0.372,0.357,0.827,28.0,12.8,2.5,5.0,10.1,0.072,-0.4,2.7,-2.9206553,5.7495613,10.1,2
1719,2018,37,37,SAC,Gary Trent Jr.,Duke,4.0,204.0,5693.0,2752.0,454.0,287.0,0.416,0.389,0.82,27.9,13.5,2.2,1.4,9.6,0.081,-0.9,1.6,-2.071206,4.450964,9.6,2
1723,2018,41,41,ORL,Jarred Vanderbilt,Kentucky,4.0,166.0,3134.0,892.0,1024.0,175.0,0.591,0.143,0.616,18.9,5.4,6.2,1.1,9.1,0.14,-0.1,1.5,-4.3117523,-1.1608546,9.1,2
1724,2018,42,42,DET,Bruce Brown,Miami (FL),4.0,269.0,6308.0,2056.0,1153.0,573.0,0.482,0.327,0.745,23.4,7.6,4.3,2.1,12.7,0.097,-0.9,1.7,-4.2072673,4.5931077,12.7,2
1727,2018,45,45,BRK,Hamidou Diallo,Kentucky,4.0,207.0,3917.0,1748.0,813.0,227.0,0.475,0.277,0.634,18.9,8.4,3.9,1.1,4.9,0.06,-2.3,-0.3,-4.623789,3.1304035,4.9,2
1728,2018,46,46,HOU,De'Anthony Melton,USC,4.0,235.0,4853.0,1968.0,843.0,660.0,0.409,0.361,0.766,20.7,8.4,3.6,2.8,7.7,0.076,0.5,3.1,-3.0035686,4.4953127,7.7,2
1730,2018,48,48,MIN,Keita Bates-Diop,Ohio State,4.0,163.0,2448.0,853.0,490.0,100.0,0.462,0.304,0.714,15.0,5.2,3.0,0.6,3.5,0.068,-2.4,-0.2,-3.7797902,2.2141585,3.5,2
1736,2018,54,54,DAL,Shake Milton,SMU,4.0,178.0,3713.0,1731.0,413.0,454.0,0.447,0.361,0.819,20.9,9.7,2.3,2.6,6.9,0.09,-1.8,0.2,-2.245175,3.6964185,6.9,2
1743,2019,1,1,NOP,Zion Williamson,Duke,2.0,85.0,2694.0,2187.0,591.0,276.0,0.604,0.333,0.683,31.7,25.7,7.0,3.2,10.6,0.189,4.9,4.7,-4.4183326,0.95494735,10.6,2
1744,2019,2,2,MEM,Ja Morant,Murray State,3.0,187.0,6016.0,3961.0,836.0,1337.0,0.474,0.327,0.754,32.2,21.2,4.5,7.1,13.7,0.109,1.9,5.9,-2.8932343,6.1600323,13.7,2
1745,2019,3,3,NYK,RJ Barrett,Duke,3.0,198.0,6632.0,3469.0,1101.0,568.0,0.418,0.357,0.697,33.5,17.5,5.6,2.9,5.9,0.042,-2.2,-0.3,-3.3519065,4.4299636,5.9,2
1747,2019,5,5,CLE,Darius Garland,Vanderbilt,3.0,181.0,6044.0,3142.0,464.0,1141.0,0.443,0.378,0.876,33.4,17.4,2.6,6.3,6.2,0.05,-1.2,1.1,-2.546468,5.368208,6.2,2
1749,2019,7,7,CHI,Coby White,UNC,3.0,195.0,5505.0,2672.0,696.0,679.0,0.413,0.365,0.851,28.2,13.7,3.6,3.5,5.6,0.049,-2.5,-0.6,-2.1206539,4.5382495,5.6,2
1750,2019,8,8,ATL,Jaxson Hayes,Texas,3.0,194.0,3442.0,1575.0,831.0,134.0,0.634,0.36,0.723,17.7,8.1,4.3,0.7,12.5,0.174,0.2,1.9,-4.419829,0.94788605,12.5,2
1751,2019,9,9,WAS,Rui Hachimura,Gonzaga,3.0,147.0,4184.0,1913.0,766.0,217.0,0.477,0.36,0.779,28.5,13.0,5.2,1.5,5.3,0.061,-2.8,-0.8,-3.2392008,2.8671334,5.3,2
1753,2019,11,11,MIN,Cameron Johnson,UNC,3.0,183.0,4422.0,1899.0,659.0,254.0,0.44,0.39,0.843,24.2,10.4,3.6,1.4,10.9,0.118,1.1,3.5,-2.1068697,4.020867,10.9,2
1754,2019,12,12,CHO,P.J. Washington,Kentucky,3.0,187.0,5481.0,2202.0,1071.0,431.0,0.454,0.375,0.702,29.3,11.8,5.7,2.3,8.0,0.07,-0.9,1.6,-3.6807728,3.965448,8.0,2
1755,2019,13,13,MIA,Tyler Herro,Kentucky,3.0,175.0,5294.0,2925.0,821.0,568.0,0.44,0.385,0.851,30.3,16.7,4.7,3.2,7.0,0.064,-0.6,1.9,-2.1505482,4.495151,7.0,2
1758,2019,16,16,ORL,Chuma Okeke,Auburn,2.0,115.0,2882.0,954.0,528.0,219.0,0.39,0.326,0.81,25.1,8.3,4.6,1.9,3.5,0.058,-0.7,1.0,-1.6717862,2.3696325,3.5,2
1760,2019,18,18,IND,Goga Bitadze,International,3.0,149.0,1761.0,752.0,433.0,115.0,0.477,0.254,0.707,11.8,5.0,2.9,0.8,4.0,0.109,-1.2,0.4,-3.6204054,-0.6180305,4.0,2
1762,2019,20,20,BOS,Matisse Thybulle,Washington,3.0,196.0,4270.0,939.0,382.0,217.0,0.45,0.324,0.657,21.8,4.8,1.9,1.1,8.8,0.099,1.1,3.3,-3.8092377,2.8035254,8.8,2
1763,2019,21,21,OKC,Brandon Clarke,Gonzaga,3.0,181.0,3961.0,1976.0,1015.0,262.0,0.591,0.294,0.699,21.9,10.9,5.6,1.4,15.4,0.187,2.9,4.9,-4.477388,0.87791336,15.4,2
1764,2019,22,22,BOS,Grant Williams,Tennessee,3.0,209.0,4056.0,1133.0,630.0,210.0,0.449,0.369,0.775,19.4,5.4,3.0,1.0,7.7,0.091,-1.9,0.1,-3.0164924,3.046073,7.7,2
1767,2019,25,25,POR,Nassir Little,UNC,3.0,138.0,2301.0,802.0,472.0,99.0,0.455,0.317,0.727,16.7,5.8,3.4,0.7,3.4,0.071,-2.3,-0.2,-3.5200772,2.0370722,3.4,2
1770,2019,28,28,GSW,Jordan Poole,Michigan,3.0,184.0,4545.0,2520.0,470.0,537.0,0.416,0.341,0.885,24.7,13.7,2.6,2.9,6.7,0.071,-1.5,0.6,-2.0480683,4.1824346,6.7,2
1771,2019,29,29,SAS,Keldon Johnson,Kentucky,3.0,161.0,4661.0,2313.0,926.0,294.0,0.478,0.385,0.753,29.0,14.4,5.8,1.8,9.3,0.095,-0.8,1.4,-3.1900096,3.184822,9.3,2
1773,2019,31,31,BRK,Nic Claxton,Georgia,3.0,94.0,1755.0,688.0,474.0,87.0,0.646,0.167,0.539,18.7,7.3,5.0,0.9,5.8,0.159,0.3,1.0,-4.3812804,-1.2952286,5.8,2
1778,2019,36,36,CHO,Cody Martin,Nevada,3.0,171.0,3618.0,989.0,604.0,360.0,0.46,0.323,0.66,21.2,5.8,3.5,2.1,6.0,0.079,-1.2,0.7,-3.799938,2.6264718,6.0,2
1780,2019,38,38,CHI,Daniel Gafford,Arkansas,3.0,169.0,2844.0,1277.0,744.0,118.0,0.692,0.0,0.657,16.8,7.6,4.4,0.7,11.3,0.19,1.1,2.3,2.7837532,-4.5257716,11.3,2
1783,2019,41,41,GSW,Eric Paschall,Villanova,3.0,158.0,3085.0,1552.0,509.0,214.0,0.494,0.326,0.758,19.5,9.8,3.2,1.4,5.0,0.078,-2.2,-0.1,-3.4956486,2.107773,5.0,2
1785,2019,43,43,MIN,Jaylen Nowell,Washington,3.0,119.0,1885.0,963.0,231.0,211.0,0.446,0.345,0.811,15.8,8.1,1.9,1.8,3.7,0.093,-1.0,0.5,-1.1656691,2.6544704,3.7,2
1787,2019,45,45,DET,Isaiah Roby,Nebraska,3.0,109.0,2384.0,987.0,560.0,178.0,0.495,0.365,0.708,21.9,9.1,5.1,1.6,4.1,0.083,-1.8,0.1,-3.625362,1.6837435,4.1,2
1790,2019,48,48,LAC,Terance Mann,Florida State,3.0,189.0,3942.0,1443.0,722.0,366.0,0.491,0.379,0.786,20.9,7.6,3.8,1.9,10.0,0.122,-0.6,1.4,-3.1595476,2.672656,10.0,2
1794,2019,52,52,CHO,Jalen McDaniels,San Diego State,3.0,118.0,2092.0,775.0,404.0,124.0,0.475,0.359,0.732,17.7,6.6,3.4,1.1,3.4,0.078,-2.8,-0.5,-3.4840107,1.7022407,3.4,2
1803,2020,1,1,MIN,Anthony Edwards,Georgia,2.0,144.0,4780.0,2925.0,679.0,486.0,0.429,0.344,0.781,33.2,20.3,4.7,3.4,5.1,0.051,-0.4,1.9,-2.7028477,3.8646412,5.1,2
1805,2020,3,3,CHO,LaMelo Ball,International,2.0,126.0,3891.0,2311.0,803.0,884.0,0.431,0.378,0.826,30.9,18.3,6.4,7.0,8.7,0.107,2.8,4.7,-2.074876,4.3535943,8.7,2
1807,2020,5,5,CLE,Isaac Okoro,Auburn,2.0,134.0,4154.0,1234.0,407.0,249.0,0.446,0.315,0.747,31.0,9.2,3.0,1.9,5.1,0.059,-3.5,-1.6,-3.4555433,2.2895248,5.1,2
1808,2020,6,6,ATL,Onyeka Okongwu,USC,2.0,98.0,1593.0,620.0,446.0,71.0,0.672,0.0,0.695,16.3,6.3,4.6,0.7,6.1,0.184,0.0,0.8,2.78252,-4.59443,6.1,2
1810,2020,8,8,NYK,Obi Toppin,Dayton,2.0,134.0,1913.0,901.0,406.0,106.0,0.521,0.307,0.753,14.3,6.7,3.0,0.8,5.5,0.137,1.0,1.5,-3.5829222,1.7222102,5.5,2
1811,2020,9,9,WAS,Deni Avdija,International,2.0,136.0,3241.0,1027.0,687.0,230.0,0.426,0.316,0.729,23.8,7.6,5.1,1.7,3.6,0.054,-2.3,-0.2,-3.484683,2.505456,3.6,2
1813,2020,11,11,SAS,Devin Vassell,Florida State,2.0,133.0,2993.0,1213.0,480.0,192.0,0.421,0.357,0.84,22.5,9.1,3.6,1.4,4.8,0.077,-0.9,0.8,-1.3376868,2.9151504,4.8,2
1814,2020,12,12,SAC,Tyrese Haliburton,Iowa State,2.0,135.0,4441.0,1934.0,484.0,937.0,0.473,0.412,0.846,32.9,14.3,3.6,6.9,10.5,0.114,2.1,4.6,-1.9831634,4.186578,10.5,2
1818,2020,16,16,POR,Isaiah Stewart,Washington,2.0,139.0,3271.0,1126.0,1070.0,141.0,0.529,0.33,0.708,23.5,8.1,7.7,1.0,7.4,0.109,-2.3,-0.2,-3.9145997,1.4404371,7.4,2
1821,2020,19,19,BRK,Saddiq Bey,Villanova,2.0,152.0,4613.0,2178.0,759.0,328.0,0.399,0.361,0.833,30.3,14.3,5.0,2.2,7.3,0.075,-0.4,1.9,-2.1879911,3.7282505,7.3,2
1822,2020,20,20,MIA,Precious Achiuwa,Memphis,2.0,134.0,2462.0,968.0,681.0,111.0,0.468,0.357,0.556,18.4,7.2,5.1,0.8,3.8,0.075,-3.0,-0.7,-3.4146237,0.48058203,3.8,2
1823,2020,21,21,PHI,Tyrese Maxey,Kentucky,2.0,136.0,3585.0,1799.0,344.0,441.0,0.478,0.396,0.867,26.4,13.2,2.5,3.2,9.2,0.123,0.0,1.9,-1.9351699,3.8435159,9.2,2
1827,2020,25,25,OKC,Immanuel Quickley,Kentucky,2.0,142.0,3045.0,1613.0,384.0,402.0,0.393,0.365,0.885,21.4,11.4,2.7,2.8,7.5,0.118,0.5,1.9,-1.4920058,3.380764,7.5,2
1828,2020,26,26,BOS,Payton Pritchard,Oregon,2.0,137.0,2269.0,952.0,292.0,259.0,0.435,0.412,0.924,16.6,6.9,2.1,1.9,5.6,0.118,0.4,1.4,-1.3588605,3.148996,5.6,2
1830,2020,28,28,LAL,Jaden McDaniels,Washington,2.0,133.0,3314.0,1074.0,525.0,150.0,0.455,0.338,0.724,24.9,8.1,3.9,1.1,3.9,0.056,-3.2,-1.0,-3.5662267,2.1219246,3.9,2
1832,2020,30,30,BOS,Desmond Bane,TCU,2.0,144.0,3785.0,2009.0,544.0,326.0,0.464,0.435,0.882,26.3,14.0,3.8,2.3,10.1,0.129,1.3,3.2,-1.9457283,3.7910323,10.1,2
1837,2020,35,35,SAC,Xavier Tillman Sr.,Michigan State,2.0,112.0,1786.0,642.0,417.0,137.0,0.515,0.281,0.645,15.9,5.7,3.7,1.2,4.6,0.125,0.2,1.0,-3.848933,0.011119721,4.6,2
1854,2020,52,52,SAC,Kenyon Martin Jr.,International,2.0,124.0,2724.0,1115.0,539.0,149.0,0.524,0.36,0.667,22.0,9.0,4.3,1.2,5.1,0.09,-1.4,0.4,-3.8760943,1.2344025,5.1,2
