id,year,rank,overall_pick,team,player,college,years_active,games,minutes_played,points,total_rebounds,assists,field_goal_percentage,3_point_percentage,free_throw_percentage,average_minutes_played,points_per_game,average_total_rebounds,average_assists,win_shares,win_shares_per_48_minutes,box_plus_minus,value_over_replacement,pca1,pca2,metric_value,quartile
23,1989,23,23,ATL,Roy Marble,Iowa,2.0,29.0,194.0,55.0,32.0,12.0,0.257,0.0,0.594,6.7,1.9,1.1,0.4,-0.5,-0.122,-8.8,-0.3,-2.4164237512239644,-0.6858552157365905,-0.3,1
29,1989,29,29,CHH,Dyron Nix,Tennessee,1.0,20.0,109.0,39.0,26.0,5.0,0.359,0.0,0.688,5.5,2.0,1.3,0.3,0.0,-0.015,-5.8,-0.1,-2.161363785626169,-0.6345023371620514,-0.1,1
32,1989,32,32,NJN,Stanley Brundy,DePaul,1.0,16.0,128.0,37.0,26.0,3.0,0.5,0.0,0.389,8.0,2.3,1.6,0.2,0.2,0.057,-3.1,0.0,-2.285217335416815,-2.271997572339743,0.0,1
33,1989,33,33,LAC,Jay Edwards,Indiana,1.0,4.0,26.0,7.0,2.0,4.0,0.429,0.0,0.333,6.5,1.8,0.5,1.0,0.0,0.022,-4.0,0.0,-2.494661988756558,-2.2604119163586036,0.0,1
34,1989,34,34,MIN,Gary Leonard,Missouri,3.0,31.0,149.0,44.0,34.0,2.0,0.459,0.0,0.5,4.8,1.4,1.1,0.1,0.1,0.029,-6.9,-0.2,-2.199374992870163,-1.7050778366992478,-0.2,1
35,1989,35,35,DAL,Pat Durham,Colorado State,2.0,64.0,930.0,323.0,108.0,57.0,0.469,0.192,0.667,14.5,5.0,1.7,0.9,0.7,0.037,-2.0,0.0,-1.6295515338179083,-0.19228469418810332,0.0,1
39,1989,39,39,WSB,Ed Horton,Iowa,1.0,45.0,374.0,202.0,108.0,19.0,0.494,0.0,0.609,8.3,4.5,2.4,0.4,0.4,0.05,-4.9,-0.3,-1.9513209067931354,-1.4000777206202324,-0.3,1
41,1989,41,41,WSB,Doug Roth,Tennessee,1.0,42.0,412.0,81.0,120.0,20.0,0.43,0.0,0.5,9.8,1.9,2.9,0.5,0.4,0.052,-5.3,-0.3,-2.193577421890429,-1.6285147322156126,-0.3,1
46,1989,46,46,PHO,Ricky Blanton,LSU,1.0,2.0,13.0,6.0,3.0,1.0,0.429,0.0,0.0,6.5,3.0,1.5,0.5,0.0,0.088,-0.3,0.0,-2.8869944008969552,-3.5831514342368207,0.0,1
51,1989,51,51,PHO,Mike Morrison,Loyola (MD),1.0,36.0,153.0,72.0,20.0,11.0,0.338,0.286,0.8,4.3,2.0,0.6,0.3,-0.3,-0.106,-10.5,-0.3,-1.7086979768580595,1.2241908420353433,-0.3,1
69,1990,15,15,MIA,Dave Jamerson,Ohio University,3.0,90.0,594.0,306.0,77.0,61.0,0.392,0.277,0.86,6.6,3.4,0.9,0.7,0.2,0.018,-3.9,-0.3,-1.4191219250105604,1.2225062994690896,-0.3,1
80,1990,26,26,DET,Lance Blanks,Texas,3.0,142.0,1045.0,289.0,110.0,117.0,0.436,0.253,0.667,7.4,2.0,0.8,0.8,0.7,0.031,-3.2,-0.3,-1.4863694773339755,0.1834868724390644,-0.3,1
82,1990,28,28,GSW,Les Jepsen,Iowa,2.0,52.0,192.0,53.0,67.0,2.0,0.333,0.0,0.65,3.7,1.0,1.3,0.0,0.1,0.031,-8.0,-0.3,-2.1921034047717245,-0.7167494792335738,-0.3,1
87,1990,33,33,UTA,Walter Palmer,Dartmouth College,2.0,48.0,209.0,100.0,65.0,11.0,0.412,0.0,0.667,4.4,2.1,1.4,0.2,-0.1,-0.013,-6.7,-0.2,-2.0414112425753577,-0.9005632153643669,-0.2,1
93,1990,39,39,CHH,Steve Scheffler,Purdue,7.0,174.0,918.0,331.0,180.0,26.0,0.558,0.2,0.759,5.3,1.9,1.0,0.1,2.9,0.153,-1.9,0.0,-1.2128359336716192,-0.11106623918791217,0.0,1
95,1990,41,41,ATL,Steve Bardo,Illinois,3.0,33.0,299.0,73.0,60.0,44.0,0.329,0.1,0.696,9.1,2.2,1.8,1.3,-0.1,-0.02,-4.0,-0.2,-2.0378573262455277,-0.04293214858935983,-0.2,1
101,1990,47,47,PHI,Derek Strong,Xavier,10.0,456.0,8548.0,3088.0,2213.0,291.0,0.43,0.18,0.786,18.7,6.8,4.9,0.6,18.5,0.104,-2.1,-0.3,0.06242746026635437,-0.11326729783073843,-0.3,1
104,1990,50,50,PHO,Miloš Babić,Tennessee Technological University,2.0,21.0,87.0,37.0,20.0,10.0,0.375,0.0,0.65,4.1,1.8,1.0,0.5,-0.1,-0.028,-5.9,-0.1,-2.1790886086236347,-0.8356310673098853,-0.1,1
105,1990,51,51,LAL,Tony Smith,Marquette,9.0,457.0,7295.0,2504.0,735.0,881.0,0.431,0.307,0.69,16.0,5.5,1.6,1.9,6.7,0.044,-2.0,0.0,-0.12940651721194696,0.339440815190929,0.0,1
106,1990,52,52,CLE,Stefano Rusconi,International,1.0,7.0,30.0,8.0,6.0,3.0,0.333,0.0,0.4,4.3,1.1,0.9,0.4,-0.1,-0.104,-11.4,-0.1,-2.5683405596191884,-1.688991585410544,-0.1,1
125,1991,17,17,GSW,Victor Alexander,Iowa State,5.0,286.0,5755.0,2542.0,1384.0,257.0,0.518,0.286,0.634,20.1,8.9,4.8,0.9,8.8,0.073,-2.2,-0.3,-0.4357945920667271,-0.3177913992459105,-0.3,1
130,1991,22,22,LAC,LeRon Ellis,Syracuse,3.0,91.0,857.0,277.0,220.0,29.0,0.433,0.0,0.613,9.4,3.0,2.4,0.3,1.2,0.069,-3.5,-0.3,-1.9289565020764996,-1.2199897488395854,-0.3,1
134,1991,26,26,CHI,Mark Randall,Kansas,4.0,127.0,883.0,332.0,160.0,56.0,0.443,0.154,0.722,7.0,2.6,1.3,0.4,1.0,0.054,-3.3,-0.3,-1.5570263608081147,-0.09235753969886444,-0.3,1
138,1991,30,30,ATL,Rodney Monroe,NC State,1.0,38.0,313.0,131.0,33.0,27.0,0.368,0.222,0.826,8.2,3.4,0.9,0.7,-0.2,-0.035,-5.3,-0.3,-1.680079696704206,0.9259856296994864,-0.3,1
140,1991,32,32,PHO,Chad Gallagher,Creighton,1.0,2.0,3.0,6.0,0.0,0.0,1.0,0.0,0.0,1.5,3.0,0.0,0.0,0.1,1.442,30.1,0.0,-1.9566310607890023,-5.40614885426312,0.0,1
142,1991,34,34,MIN,Myron Brown,Slippery Rock University of Pennsylvania,1.0,4.0,23.0,9.0,3.0,6.0,0.667,0.333,0.0,5.8,2.3,0.8,1.5,0.0,0.032,-1.8,0.0,-2.1107297349810437,-2.7714579426118187,0.0,1
151,1991,43,43,GSW,Lamont Strothers,Christopher Newport University,2.0,13.0,155.0,60.0,15.0,14.0,0.329,0.133,0.714,11.9,4.6,1.2,1.1,-0.5,-0.142,-7.7,-0.2,-2.0320208203330337,0.1954562870960234,-0.2,1
190,1992,28,28,MIN,Marlon Maxey,Texas-El Paso,2.0,98.0,1146.0,479.0,363.0,22.0,0.542,0.0,0.685,11.7,4.9,3.7,0.2,2.6,0.109,-3.0,-0.3,-1.599274657343467,-1.30780512837196,-0.3,1
193,1992,31,31,POR,Reggie Smith,TCU,2.0,66.0,384.0,99.0,120.0,5.0,0.394,0.0,0.404,5.8,1.5,1.8,0.1,0.4,0.051,-5.1,-0.3,-2.3357026574015727,-1.9014459758355253,-0.3,1
195,1992,33,33,CHI,Corey Williams,Oklahoma State,2.0,39.0,288.0,92.0,37.0,29.0,0.367,0.25,0.826,7.4,2.4,0.9,0.7,0.2,0.037,-5.6,-0.3,-1.6514908094030951,1.0613132439356683,-0.3,1
196,1992,34,34,MIN,Chris Smith,UConn,3.0,224.0,3956.0,1140.0,291.0,627.0,0.435,0.366,0.713,17.7,5.1,1.3,2.8,3.2,0.039,-2.3,-0.3,-0.7903482945902305,0.8455744709875068,-0.3,1
197,1992,35,35,CHH,Tony Bennett,Green Bay,3.0,152.0,1886.0,538.0,155.0,303.0,0.412,0.335,0.732,12.4,3.5,1.0,2.0,1.6,0.041,-2.7,-0.3,-1.2151186434372947,0.8947507297351943,-0.3,1
199,1992,37,37,MIA,Isaiah Morris,Arkansas,1.0,25.0,102.0,55.0,12.0,4.0,0.456,0.0,0.75,4.1,2.2,0.5,0.2,0.0,-0.022,-5.7,-0.1,-1.9259418984110297,-0.6974378286265819,-0.1,1
200,1992,38,38,ATL,Elmer Bennett,Notre Dame,3.0,21.0,159.0,48.0,10.0,22.0,0.34,0.273,0.722,7.6,2.3,0.5,1.0,-0.3,-0.095,-6.9,-0.2,-1.8323603384910956,0.8521985745939002,-0.2,1
201,1992,39,39,CHI,Litterial Green,Georgia,5.0,148.0,1189.0,423.0,75.0,182.0,0.42,0.077,0.665,8.0,2.9,0.5,1.2,1.6,0.066,-2.4,-0.1,-1.6774859332835155,-0.6012202023957895,-0.1,1
208,1992,46,46,DEN,Robert Werdann,St. John's,3.0,47.0,273.0,101.0,81.0,9.0,0.378,0.0,0.574,5.8,2.1,1.7,0.2,0.1,0.026,-6.3,-0.3,-2.2010295896859025,-1.1639937664290545,-0.3,1
209,1992,47,47,BOS,Darren Morningstar,Pitt,1.0,23.0,367.0,96.0,81.0,15.0,0.476,0.0,0.6,16.0,4.2,3.5,0.7,0.4,0.048,-4.5,-0.2,-2.037801954904441,-1.368197610588858,-0.2,1
210,1992,48,48,PHO,Brian Davis,Duke,1.0,68.0,374.0,131.0,55.0,22.0,0.317,0.333,0.735,5.5,1.9,0.8,0.3,0.0,0.0,-4.7,-0.3,-1.6951723955026172,1.2403379902136855,-0.3,1
212,1992,50,50,GSW,Matt Fish,UNC Wilmington,3.0,50.0,512.0,177.0,110.0,25.0,0.5,0.0,0.625,10.2,3.5,2.2,0.5,0.6,0.058,-3.1,-0.1,-1.9097768034922629,-1.3577200742811322,-0.1,1
214,1992,52,52,CHI,Matt Steigenga,Michigan State,1.0,2.0,12.0,3.0,3.0,2.0,0.25,0.0,0.5,6.0,1.5,1.5,1.0,0.0,-0.126,-8.5,0.0,-2.5961964544989833,-1.0248221235216248,0.0,1
230,1993,14,14,IND,Scott Haskin,Oregon State,1.0,27.0,186.0,55.0,55.0,6.0,0.467,0.0,0.684,6.9,2.0,2.0,0.2,0.3,0.087,-2.8,0.0,-1.96914686128179,-1.0016484702406998,0.0,1
232,1993,16,16,NJN,Rex Walters,Kansas,7.0,335.0,4602.0,1547.0,403.0,569.0,0.441,0.361,0.809,13.7,4.6,1.2,1.7,6.3,0.066,-2.0,0.0,-0.4510299690628689,1.1299222632158004,0.0,1
234,1993,18,18,UTA,Luther Wright,Seton Hall,1.0,15.0,92.0,19.0,10.0,0.0,0.348,0.0,0.75,6.1,1.3,0.7,0.0,-0.1,-0.064,-12.3,-0.2,-2.1211631654405334,-0.3494843707955073,-0.2,1
237,1993,21,21,POR,James Robinson,Alabama,7.0,381.0,6935.0,2882.0,660.0,715.0,0.394,0.348,0.666,18.2,7.6,1.7,1.9,5.8,0.04,-2.0,0.0,-0.32093979023424696,0.576547547148424,0.0,1
242,1993,26,26,ORL,Geert Hammink,LSU,3.0,8.0,27.0,14.0,7.0,2.0,0.4,0.0,0.667,3.4,1.8,0.9,0.3,0.1,0.089,-3.7,0.0,-2.1460714172076676,-0.8425564244416044,0.0,1
243,1993,27,27,PHO,Malcolm Mackey,Georgia Tech,1.0,22.0,69.0,32.0,24.0,1.0,0.378,0.0,0.5,3.1,1.5,1.1,0.0,0.1,0.036,-8.7,-0.1,-2.3509034153563952,-1.442131684611532,-0.1,1
247,1993,31,31,SAC,Evers Burns,Maryland,1.0,23.0,143.0,56.0,30.0,9.0,0.4,0.0,0.522,6.2,2.4,1.3,0.4,0.1,0.02,-5.5,-0.1,-2.2787632016338506,-1.4265747734545469,-0.1,1
248,1993,32,32,PHI,Alphonso Ford,Mississippi Valley State University,2.0,11.0,114.0,35.0,20.0,10.0,0.308,0.1,0.5,10.4,3.2,1.8,0.9,-0.4,-0.153,-8.4,-0.2,-2.3608424392799736,-0.7432803276696752,-0.2,1
250,1993,34,34,GSW,Darnell Mee,Western Kentucky,2.0,40.0,293.0,76.0,36.0,18.0,0.312,0.222,0.444,7.3,1.9,0.9,0.5,-0.1,-0.02,-2.8,-0.1,-2.2221579982321393,-0.41341376416988806,-0.1,1
251,1993,35,35,MIA,Ed Stokes,Arizona,1.0,4.0,17.0,3.0,4.0,1.0,0.333,0.0,0.5,4.3,0.8,1.0,0.3,0.0,-0.077,-7.6,0.0,-2.457907826403911,-1.2905787433758429,0.0,1
258,1993,42,42,SEA,Adonis Jordan,Kansas,2.0,10.0,97.0,21.0,6.0,22.0,0.296,0.25,0.5,9.7,2.1,0.6,2.2,0.0,-0.015,-2.9,0.0,-2.210543921990651,0.006096750031651793,0.0,1
259,1993,43,43,DEN,Josh Grant,Utah,1.0,53.0,382.0,157.0,89.0,24.0,0.404,0.279,0.759,7.2,3.0,1.7,0.5,0.5,0.06,-2.3,0.0,-1.59761771316153,0.8017551622154396,0.0,1
262,1993,46,46,HOU,Richard Petruška,UCLA,1.0,22.0,92.0,53.0,31.0,1.0,0.435,0.467,0.75,4.2,2.4,1.4,0.0,0.0,-0.014,-8.2,-0.1,-1.4250127385977547,1.5725613465901012,-0.1,1
264,1993,48,48,POR,Kevin Thompson,NC State,1.0,14.0,58.0,13.0,13.0,3.0,0.429,0.0,0.5,4.1,0.9,0.9,0.2,0.0,-0.016,-8.1,-0.1,-2.2824279097316396,-1.6011701421616993,-0.1,1
302,1994,32,32,WSB,Jim McIlvaine,Marquette,7.0,401.0,5927.0,1072.0,1243.0,105.0,0.446,0.1,0.551,14.8,2.7,3.1,0.3,9.4,0.076,-2.2,-0.3,-0.9082815103529595,-1.2952396286679337,-0.3,1
304,1994,34,34,ATL,Gaylon Nickerson,Northwestern Oklahoma State University,1.0,4.0,42.0,15.0,5.0,1.0,0.333,0.0,1.0,10.5,3.8,1.3,0.3,0.1,0.076,-1.2,0.0,-1.872548060935953,0.6955787286009357,0.0,1
307,1994,37,37,SEA,Dontonio Wingfield,Cincinnati,4.0,114.0,1146.0,423.0,275.0,76.0,0.389,0.309,0.721,10.1,3.7,2.4,0.7,1.8,0.074,-2.6,-0.2,-1.4362810142713665,0.7932893914383432,-0.2,1
309,1994,39,39,GSW,Anthony Miller,Michigan State,8.0,181.0,1637.0,510.0,488.0,66.0,0.51,0.25,0.576,9.0,2.8,2.7,0.4,3.8,0.11,-2.6,-0.2,-1.3142880623637752,-0.49808695870114306,-0.2,1
310,1994,40,40,MIA,Jeff Webster,Oklahoma,1.0,11.0,58.0,18.0,7.0,3.0,0.348,0.333,0.0,5.3,1.6,0.6,0.3,0.0,-0.03,-4.9,0.0,-2.6193800646672973,-1.7555087538313234,0.0,1
313,1994,43,43,POR,Shawnelle Scott,St. John's,4.0,105.0,634.0,189.0,228.0,20.0,0.464,0.0,0.465,6.0,1.8,2.2,0.2,1.3,0.101,-3.8,-0.3,-2.051357744101687,-1.9091211745798846,-0.3,1
315,1994,45,45,GSW,Dwayne Morton,Louisville,1.0,41.0,395.0,167.0,58.0,18.0,0.388,0.36,0.682,9.6,4.1,1.4,0.4,0.2,0.025,-3.5,-0.1,-1.64315615539016,0.9359819651547954,-0.1,1
320,1994,50,50,PHO,Charles Claxton,Georgia,1.0,3.0,7.0,2.0,2.0,0.0,0.5,0.0,0.0,2.3,0.7,0.7,0.0,0.0,-0.179,-18.9,0.0,-2.7709240824905534,-3.809940386035729,0.0,1
324,1994,54,54,SEA,Željko Rebrača,International,5.0,215.0,3280.0,1276.0,688.0,88.0,0.527,0.0,0.792,15.3,5.9,3.2,0.4,8.3,0.121,-2.2,-0.2,-1.0830121855952064,-0.9305451715451823,-0.2,1
332,1995,8,8,POR,Shawn Respert,Michigan State,4.0,172.0,2350.0,851.0,226.0,177.0,0.414,0.34,0.816,13.7,4.9,1.3,1.0,2.1,0.043,-2.3,-0.2,-1.0544515537667727,1.2191353959219235,-0.2,1
337,1995,13,13,SAC,Corliss Williamson,Arkansas,12.0,822.0,18749.0,9147.0,3183.0,972.0,0.49,0.136,0.714,22.8,11.1,3.9,1.2,34.7,0.089,-2.0,-0.1,1.951329630784687,-1.1426099013641127,-0.1,1
350,1995,26,26,SEA,Sherell Ford,University of Illinois at Chicago,1.0,28.0,139.0,90.0,24.0,5.0,0.375,0.16,0.765,5.0,3.2,0.9,0.2,0.4,0.124,-5.2,-0.1,-1.844920822186401,0.37320305126459663,-0.1,1
356,1995,32,32,WSB,Terrence Rencher,Texas,1.0,36.0,405.0,106.0,44.0,54.0,0.33,0.31,0.674,11.3,2.9,1.2,1.5,-0.2,-0.021,-4.0,-0.2,-1.8085383565147415,0.8584884605767109,-0.2,1
360,1995,36,36,VAN,Lawrence Moten,Syracuse,3.0,119.0,1814.0,747.0,181.0,182.0,0.408,0.299,0.652,15.2,6.3,1.5,1.5,0.0,0.001,-2.1,0.0,-1.4165943711770672,0.41776737970708727,0.0,1
361,1995,37,37,LAL,Frankie King,Western Carolina University,2.0,13.0,79.0,27.0,16.0,7.0,0.357,0.333,0.75,6.1,2.1,1.2,0.5,0.0,0.025,-4.7,-0.1,-1.7228217667191352,1.1938763854019725,-0.1,1
364,1995,40,40,GSW,Dwayne Whitfield,Jackson State University,1.0,8.0,122.0,40.0,25.0,2.0,0.433,0.0,0.636,15.3,5.0,3.1,0.3,0.0,0.01,-7.2,-0.2,-2.1179892413564296,-1.074573475855032,-0.2,1
366,1995,42,42,ATL,Donnie Boyce,Colorado,2.0,30.0,195.0,79.0,25.0,16.0,0.349,0.25,0.5,6.5,2.6,0.8,0.5,-0.3,-0.064,-4.9,-0.1,-2.084973037296428,-0.1722887140214688,-0.1,1
374,1995,50,50,GSW,Martin Lewis,Seward County Community College,2.0,25.0,239.0,89.0,35.0,7.0,0.473,0.3,0.593,9.6,3.6,1.4,0.3,0.1,0.026,-5.0,-0.2,-1.7212866322362417,0.03637214909568632,-0.2,1
379,1995,55,55,GSW,Michael McDonald,New Orleans,1.0,1.0,4.0,0.0,1.0,0.0,0.0,0.0,0.0,4.0,0.0,1.0,0.0,-0.1,-0.638,-32.4,0.0,-3.5900415796740828,-2.2125608012969327,0.0,1
381,1995,57,57,ATL,Cuonzo Martin,Purdue,2.0,7.0,32.0,9.0,3.0,3.0,0.25,0.6,0.0,4.6,1.3,0.4,0.4,-0.1,-0.151,-6.3,0.0,-2.4805218860963305,-0.18018468460711104,0.0,1
382,1995,58,58,DET,Don Reid,Georgetown,8.0,403.0,5374.0,1454.0,1169.0,143.0,0.53,0.0,0.658,13.3,3.6,2.9,0.4,13.7,0.123,-2.1,-0.2,-0.7525578856526155,-1.5996427130525233,-0.2,1
403,1996,21,21,NYK,Dontae' Jones,Mississippi State,1.0,15.0,91.0,44.0,9.0,5.0,0.333,0.261,0.0,6.1,2.9,0.6,0.3,-0.3,-0.175,-10.9,-0.2,-2.7162903282425335,-2.0492621046423283,-0.2,1
405,1996,23,23,DEN,Efthimios Rentzias,International,1.0,35.0,144.0,52.0,26.0,7.0,0.339,0.5,0.889,4.1,1.5,0.7,0.2,0.2,0.058,-3.8,-0.1,-1.3608367747048646,2.584526090955054,-0.1,1
419,1996,37,37,DEN,Jeff McInnis,UNC,11.0,576.0,15927.0,5396.0,1170.0,2514.0,0.431,0.328,0.796,27.7,9.4,2.0,4.4,23.1,0.07,-2.1,-0.3,1.4234993080454443,0.734191296722297,-0.3,1
420,1996,38,38,BOS,Steve Hamer,Tennessee,1.0,35.0,268.0,76.0,60.0,7.0,0.526,0.0,0.552,7.7,2.2,1.7,0.2,0.2,0.031,-6.5,-0.3,-2.008842449079557,-1.718011700041147,-0.3,1
423,1996,41,41,SAC,Jason Sasser,Texas Tech,2.0,14.0,108.0,30.0,15.0,4.0,0.412,0.333,0.5,7.7,2.1,1.1,0.3,0.0,-0.014,-5.7,-0.1,-1.9226490787412072,0.024436235070489216,-0.1,1
424,1996,42,42,HOU,Randy Livingston,LSU,11.0,203.0,2684.0,773.0,282.0,415.0,0.406,0.351,0.771,13.2,3.8,1.4,2.0,2.3,0.041,-2.5,-0.3,-0.9740441421465978,1.1101864996108672,-0.3,1
425,1996,43,43,PHO,Ben Davis,Arizona,4.0,40.0,154.0,54.0,53.0,5.0,0.356,0.0,0.462,3.9,1.4,1.3,0.1,0.1,0.04,-5.5,-0.1,-2.3936443384416473,-1.531940913235535,-0.1,1
428,1996,46,46,POR,Marcus Brown,Murray State,2.0,27.0,229.0,92.0,22.0,23.0,0.381,0.333,0.714,8.5,3.4,0.8,0.9,0.3,0.066,-2.6,0.0,-1.6876383989008834,0.9686457103676162,0.0,1
435,1996,53,53,MIL,Jeff Nordgaard,Green Bay,1.0,13.0,48.0,18.0,14.0,3.0,0.278,0.0,0.889,3.7,1.4,1.1,0.2,0.0,0.043,-3.7,0.0,-2.0764897813720284,0.42676248518073745,0.0,1
438,1996,56,56,CLE,Reggie Geary,Arizona,2.0,101.0,931.0,209.0,82.0,110.0,0.344,0.328,0.493,9.2,2.1,0.8,1.1,0.6,0.032,-2.5,-0.1,-1.829249267664949,0.15539604413736796,-0.1,1
439,1996,57,57,SEA,Drew Barry,Georgia Tech,3.0,60.0,598.0,134.0,67.0,111.0,0.417,0.381,0.774,10.0,2.2,1.1,1.9,0.6,0.051,-3.5,-0.2,-1.4024234073627784,1.3045759058010515,-0.2,1
460,1997,20,20,MIN,Paul Grant,Wisconsin,2.0,16.0,111.0,29.0,18.0,3.0,0.448,0.0,0.375,6.9,1.8,1.1,0.2,-0.1,-0.043,-8.7,-0.2,-2.389506530158669,-2.1602648272136964,-0.2,1
471,1997,31,31,DET,Charles O'Bannon,UCLA,2.0,48.0,399.0,120.0,67.0,29.0,0.4,0.0,0.87,8.3,2.5,1.4,0.6,0.6,0.07,-2.0,0.0,-1.8078928867846085,-0.05696279803906775,0.0,1
472,1997,32,32,DEN,James Cotton,Cal State Long Beach,2.0,19.0,92.0,49.0,16.0,0.0,0.359,0.0,0.778,4.8,2.6,0.8,0.0,0.0,0.008,-6.6,-0.1,-2.06116994387317,-0.2754969295465141,-0.1,1
473,1997,33,33,PHI,Marko Milič,International,2.0,44.0,216.0,108.0,30.0,14.0,0.56,0.429,0.647,4.9,2.5,0.7,0.3,0.2,0.047,-2.4,0.0,-1.3403557583709318,0.5783647473617191,0.0,1
474,1997,34,34,DAL,Bubba Wells,Austin Peay State University,1.0,39.0,395.0,128.0,68.0,34.0,0.414,0.167,0.721,10.1,3.3,1.7,0.9,0.1,0.013,-3.5,-0.2,-1.7767106786982472,0.09695065164671701,-0.2,1
475,1997,35,35,PHI,Kebu Stewart,Cal State-Bakersfield,1.0,15.0,110.0,40.0,31.0,2.0,0.462,0.0,0.64,7.3,2.7,2.1,0.1,0.2,0.098,-1.4,0.0,-2.055829782961873,-1.1537201480317438,0.0,1
476,1997,36,36,PHI,James Collins,Florida State,1.0,23.0,103.0,59.0,14.0,3.0,0.382,0.45,0.571,4.5,2.6,0.6,0.1,0.0,0.008,-1.0,0.0,-1.7400904042970555,0.95230109193319,0.0,1
478,1997,38,38,MIL,Jerald Honeycutt,Tulane,2.0,54.0,632.0,275.0,105.0,36.0,0.391,0.362,0.632,11.7,5.1,1.9,0.7,0.3,0.02,-3.3,-0.2,-1.6408666695559175,0.7252642851650092,-0.2,1
485,1997,45,45,WAS,God Shammgod,Providence,1.0,20.0,146.0,61.0,7.0,36.0,0.328,0.0,0.767,7.3,3.1,0.4,1.8,-0.1,-0.049,-6.2,-0.2,-2.1105804486154565,-0.21841164518522307,-0.2,1
491,1997,51,51,LAL,DeJuan Wheat,Louisville,2.0,80.0,740.0,265.0,56.0,127.0,0.383,0.39,0.7,9.3,3.3,0.7,1.6,0.5,0.034,-1.9,0.0,-1.48535592173837,1.1561780724438642,0.0,1
515,1998,18,18,HOU,Mirsad Türkcan,International,1.0,17.0,90.0,33.0,33.0,5.0,0.368,0.0,0.625,5.3,1.9,1.9,0.3,0.0,-0.019,-6.3,-0.1,-2.224243712567653,-0.9135437949975597,-0.1,1
534,1998,37,37,PHI,Casey Shaw,Toledo,1.0,9.0,14.0,2.0,3.0,0.0,0.125,0.0,0.0,1.6,0.2,0.3,0.0,-0.1,-0.498,-29.8,-0.1,-3.37413232165189,-2.61407176208755,-0.1,1
535,1998,38,38,NYK,DeMarco Johnson,UNC Charlotte,1.0,5.0,37.0,6.0,7.0,0.0,0.333,0.0,0.0,7.4,1.2,1.4,0.0,-0.1,-0.091,-10.3,-0.1,-3.0379483570733905,-3.2780839946008484,-0.1,1
537,1998,40,40,DET,Korleone Young,International,1.0,3.0,15.0,13.0,4.0,1.0,0.5,0.25,1.0,5.0,4.3,1.3,0.3,0.1,0.28,9.4,0.0,-1.3155462759029242,1.343175638728968,0.0,1
539,1998,42,42,ORL,Miles Simon,Arizona,1.0,5.0,19.0,2.0,2.0,0.0,0.2,0.0,0.0,3.8,0.4,0.4,0.0,-0.1,-0.289,-17.4,-0.1,-3.257167788481452,-2.852500723296417,-0.1,1
542,1998,45,45,LAL,Toby Bailey,UCLA,2.0,73.0,698.0,241.0,126.0,43.0,0.407,0.2,0.692,9.6,3.3,1.7,0.6,1.0,0.072,-3.5,-0.3,-1.6990057531412144,0.14040454610525746,-0.3,1
543,1998,46,46,MIN,Andrae Patterson,Indiana,2.0,40.0,304.0,120.0,67.0,16.0,0.455,0.0,0.778,7.6,3.0,1.7,0.4,0.7,0.114,-1.9,0.0,-1.8446025090624396,-0.5959357110278035,0.0,1
544,1998,47,47,TOR,Tyson Wheeler,Rhode Island,1.0,1.0,3.0,4.0,0.0,2.0,1.0,1.0,0.5,3.0,4.0,0.0,2.0,0.1,1.367,51.1,0.0,-0.2246939156959775,1.3019555012180797,0.0,1
549,1998,52,52,SAS,Derrick Dial,Eastern Michigan,4.0,82.0,687.0,253.0,133.0,63.0,0.372,0.19,0.672,8.4,3.1,1.6,0.8,0.6,0.045,-2.2,0.0,-1.7706679545550066,0.12306872408363782,0.0,1
551,1998,54,54,DEN,Tremaine Fowlkes,Fresno State,4.0,103.0,1233.0,301.0,228.0,54.0,0.409,0.2,0.791,12.0,2.9,2.2,0.5,2.1,0.08,-2.0,0.0,-1.4855490510952905,0.5018435516457999,0.0,1
553,1998,56,56,VAN,J.R. Henderson,UCLA,1.0,30.0,331.0,97.0,47.0,22.0,0.365,0.4,0.556,11.0,3.2,1.6,0.7,-0.2,-0.025,-4.8,-0.2,-1.8069442370792148,0.703291784820909,-0.2,1
554,1998,57,57,UTA,Torraye Braggs,Xavier,2.0,22.0,178.0,46.0,51.0,7.0,0.475,0.0,0.667,8.1,2.1,2.3,0.3,0.3,0.071,-4.9,-0.1,-1.9844157594590839,-1.092770527059998,-0.1,1
580,1999,25,25,MIA,Tim James,Miami (FL),3.0,43.0,261.0,68.0,46.0,11.0,0.329,0.333,0.652,6.1,1.6,1.1,0.3,0.0,-0.003,-7.0,-0.3,-1.8225243333889545,0.8807727505906677,-0.3,1
581,1999,26,26,IND,Vonteego Cummings,Pitt,3.0,199.0,3789.0,1381.0,373.0,534.0,0.383,0.321,0.726,19.0,6.9,1.9,2.7,2.2,0.028,-2.4,-0.3,-0.9430429564008871,0.8408653680344701,-0.3,1
584,1999,29,29,SAS,Leon Smith,International,2.0,15.0,104.0,33.0,33.0,3.0,0.393,0.0,0.647,6.9,2.2,2.2,0.2,0.2,0.112,-2.9,0.0,-2.1604804854518713,-0.9056635919948982,0.0,1
585,1999,30,30,LAL,John Celestand,Villanova,1.0,16.0,185.0,37.0,11.0,20.0,0.333,0.222,0.833,11.6,2.3,0.7,1.3,-0.1,-0.038,-7.6,-0.3,-1.7800477089304705,1.0757456857141607,-0.3,1
593,1999,38,38,ORL,Laron Profit,Maryland,4.0,135.0,1537.0,441.0,209.0,166.0,0.419,0.236,0.712,11.4,3.3,1.5,1.2,0.7,0.021,-2.1,0.0,-1.419515409400643,0.32101192543181334,0.0,1
594,1999,39,39,CLE,A.J. Bramlett,Arizona,1.0,8.0,61.0,8.0,22.0,0.0,0.19,0.0,0.0,7.6,1.0,2.8,0.0,-0.2,-0.129,-15.9,-0.2,-3.2629154768034945,-2.8243884834904938,-0.2,1
598,1999,43,43,CHH,Lee Nailon,TCU,6.0,306.0,5820.0,2622.0,936.0,298.0,0.474,0.111,0.786,19.0,8.6,3.1,1.0,8.0,0.066,-2.0,0.0,-0.5710650561920143,-0.34411168901590267,0.0,1
600,1999,45,45,SAC,Ryan Robertson,Kansas,1.0,1.0,25.0,5.0,0.0,0.0,0.333,0.0,1.0,25.0,5.0,0.0,0.0,0.0,-0.022,-5.4,0.0,-1.8796376224317382,0.6971973145686877,0.0,1
604,1999,49,49,CHI,Lari Ketner,UMass,2.0,25.0,139.0,34.0,34.0,2.0,0.406,0.0,0.667,5.6,1.4,1.4,0.1,0.0,-0.015,-7.4,-0.2,-2.1007220029900133,-0.8706263512823699,-0.2,1
611,1999,56,56,GSW,Tim Young,Stanford,1.0,25.0,137.0,54.0,35.0,5.0,0.333,0.0,0.778,5.5,2.2,1.4,0.2,0.2,0.058,-4.9,-0.1,-2.08758794802086,-0.1967105189019337,-0.1,1
623,2000,10,10,ORL,Keyon Dooling,Missouri,13.0,728.0,14134.0,5067.0,964.0,1601.0,0.416,0.349,0.799,19.4,7.0,1.3,2.2,18.5,0.063,-2.0,-0.2,1.2047713537083091,0.8660335102925164,-0.2,1
624,2000,11,11,BOS,Jérôme Moïso,UCLA,5.0,145.0,1392.0,386.0,395.0,38.0,0.489,0.0,0.593,9.6,2.7,2.7,0.3,2.1,0.074,-2.9,-0.3,-1.7149657734090002,-1.520157937361586,-0.3,1
625,2000,12,12,DAL,Etan Thomas,Syracuse,9.0,409.0,7084.0,2341.0,1927.0,149.0,0.513,0.0,0.603,17.3,5.7,4.7,0.4,14.9,0.101,-2.1,-0.2,-0.5226265179144546,-1.8906390704964569,-0.2,1
641,2000,28,28,POR,Erick Barkley,St. John's,2.0,27.0,266.0,77.0,21.0,40.0,0.356,0.267,0.9,9.9,2.9,0.8,1.5,0.2,0.027,-3.7,-0.1,-1.5822436073080235,1.476588247741963,-0.1,1
645,2000,32,32,CHI,A.J. Guyton,Indiana,3.0,80.0,1246.0,442.0,80.0,147.0,0.377,0.378,0.822,15.6,5.5,1.0,1.8,0.3,0.01,-2.9,-0.3,-1.3162409852564798,1.5949583068516058,-0.3,1
647,2000,34,34,CHI,Khalid El-Amin,UConn,1.0,50.0,936.0,314.0,81.0,145.0,0.37,0.333,0.778,18.7,6.3,1.6,2.9,0.6,0.03,-2.4,-0.1,-1.498073452136982,1.2411017425509883,-0.1,1
648,2000,35,35,WAS,Mike Smith,Louisiana-Monroe,1.0,17.0,180.0,51.0,22.0,10.0,0.322,0.167,0.625,10.6,3.0,1.3,0.6,-0.1,-0.033,-4.2,-0.1,-2.1021295445807815,0.022540609278663488,-0.1,1
649,2000,36,36,NJN,Soumaila Samake,International,2.0,47.0,303.0,68.0,76.0,5.0,0.389,0.0,0.462,6.4,1.4,1.6,0.1,0.3,0.046,-3.7,-0.1,-2.3174954524119626,-1.6434607087601731,-0.1,1
652,2000,39,39,NYK,Lavor Postell,St. John's,3.0,61.0,446.0,195.0,45.0,13.0,0.335,0.25,0.795,7.3,3.2,0.7,0.2,-0.2,-0.025,-5.0,-0.3,-1.696325435314823,1.030805635254382,-0.3,1
655,2000,42,42,SEA,Olumide Oyedeji,International,3.0,93.0,587.0,127.0,196.0,11.0,0.495,0.0,0.659,6.3,1.4,2.1,0.1,1.2,0.095,-4.3,-0.3,-1.8079142070968617,-1.2293219084684395,-0.3,1
663,2000,50,50,UTA,Kaniel Dickens,Idaho,3.0,19.0,85.0,22.0,12.0,2.0,0.4,0.333,0.75,4.5,1.2,0.6,0.1,0.1,0.055,-3.0,0.0,-1.6469686605316722,1.0554415842928733,0.0,1
664,2000,51,51,MIN,Igor Rakočević,International,1.0,42.0,244.0,78.0,17.0,33.0,0.379,0.417,0.806,5.8,1.9,0.4,0.8,0.1,0.022,-4.9,-0.2,-1.4652012961552634,1.7345684188378157,-0.2,1
665,2000,52,52,MIA,Ernest Brown,Indian Hills Community College,1.0,3.0,21.0,3.0,6.0,0.0,0.167,0.0,0.25,7.0,1.0,2.0,0.0,-0.2,-0.349,-18.2,-0.1,-3.0213065118569187,-1.7538783992822753,-0.1,1
666,2000,53,53,DEN,Dan McClintock,Northern Arizona University,1.0,6.0,58.0,18.0,17.0,1.0,0.5,0.0,0.0,9.7,3.0,2.8,0.2,0.0,0.007,-7.9,-0.1,-2.759715575449061,-3.81323823297335,-0.1,1
680,2001,9,9,DET,Rodney White,UNC Charlotte,4.0,218.0,3354.0,1540.0,485.0,237.0,0.424,0.314,0.749,15.4,7.1,2.2,1.1,1.8,0.026,-2.2,-0.1,-0.9040175633722095,0.7386254255061628,-0.1,1
692,2001,21,21,BOS,Joseph Forte,UNC,2.0,25.0,125.0,30.0,17.0,17.0,0.234,0.0,0.8,5.0,1.2,0.7,0.7,-0.4,-0.166,-8.6,-0.2,-2.2262239257089633,0.21010432587366365,-0.2,1
693,2001,22,22,ORL,Jeryl Sasser,SMU,2.0,82.0,1061.0,204.0,191.0,67.0,0.303,0.295,0.687,12.9,2.5,2.3,0.8,0.7,0.032,-2.5,-0.1,-1.719451448478658,0.8887355195186134,-0.1,1
695,2001,24,24,UTA,Raül López,International,2.0,113.0,2135.0,733.0,194.0,428.0,0.429,0.346,0.853,18.9,6.5,1.7,3.8,2.1,0.047,-2.4,-0.2,-1.0119649060863052,1.3781198893768016,-0.2,1
702,2001,32,32,ORL,Omar Cook,St. John's,2.0,22.0,213.0,37.0,13.0,46.0,0.333,0.0,0.5,9.7,1.7,0.6,2.1,-0.1,-0.021,-2.7,0.0,-2.4058676573983337,-1.2963934131868802,0.0,1
706,2001,36,36,CLE,Jeff Trepagnier,USC,3.0,31.0,270.0,88.0,43.0,22.0,0.337,0.462,0.7,8.7,2.8,1.4,0.7,-0.2,-0.038,-2.8,-0.1,-1.6165436542124965,1.6584397700057505,-0.1,1
711,2001,41,41,IND,Jamison Brewer,Auburn,4.0,54.0,468.0,89.0,50.0,56.0,0.372,0.25,0.393,8.7,1.6,0.9,1.0,0.0,-0.001,-2.4,0.0,-2.1089274144728725,-0.680830400568189,0.0,1
715,2001,45,45,CHI,Sean Lampley,California,2.0,45.0,550.0,203.0,94.0,33.0,0.463,0.0,0.691,12.2,4.5,2.1,0.7,1.1,0.096,-1.7,0.0,-1.8966561160635362,-0.9742411859359176,0.0,1
716,2001,46,46,MIN,Loren Woods,Arizona,6.0,215.0,2428.0,555.0,682.0,74.0,0.419,0.143,0.642,11.3,2.6,3.2,0.3,3.1,0.062,-2.5,-0.3,-1.380741464075515,-0.49122723413066766,-0.3,1
718,2001,48,48,MEM,Antonis Fotsis,International,1.0,28.0,320.0,108.0,62.0,10.0,0.404,0.304,0.85,11.4,3.9,2.2,0.4,0.1,0.017,-3.4,-0.1,-1.513798525564832,1.2916261109179175,-0.1,1
719,2001,49,49,MIA,Ken Johnson,Ohio State,1.0,16.0,156.0,32.0,32.0,0.0,0.405,0.0,0.333,9.8,2.0,2.0,0.0,0.0,-0.002,-6.8,-0.2,-2.504387609852343,-2.1922087006622575,-0.2,1
720,2001,50,50,POR,Ruben Boumtje-Boumtje,Georgetown,3.0,44.0,276.0,43.0,57.0,6.0,0.368,0.0,0.556,6.3,1.0,1.3,0.1,0.2,0.027,-5.4,-0.2,-2.2532981193678094,-1.199083916075091,-0.2,1
727,2001,57,57,PHI,Alvin Jones,Georgia Tech,1.0,23.0,126.0,26.0,36.0,3.0,0.4,0.0,0.5,5.5,1.1,1.6,0.1,0.1,0.034,-8.7,-0.2,-2.3085622060184745,-1.51454367822048,-0.2,1
730,2002,2,2,CHI,Jay Williams,Duke,1.0,75.0,1961.0,714.0,195.0,350.0,0.399,0.322,0.64,26.1,9.5,2.6,4.7,0.8,0.02,-2.0,0.0,-1.4216492501173559,0.5220697271812431,0.0,1
745,2002,17,17,WAS,Juan Dixon,Maryland,7.0,436.0,8509.0,3678.0,816.0,775.0,0.413,0.341,0.833,19.5,8.4,1.9,1.8,6.1,0.034,-2.1,-0.3,0.16674203249084937,1.0926672728935525,-0.3,1
750,2002,22,22,PHO,Casey Jacobsen,Stanford,4.0,287.0,5320.0,1488.0,516.0,304.0,0.393,0.352,0.769,18.5,5.2,1.8,1.1,6.2,0.056,-2.2,-0.3,-0.6810958249061116,1.0631962520214646,-0.3,1
753,2002,25,25,DEN,Frank Williams,Illinois,3.0,86.0,952.0,253.0,77.0,166.0,0.352,0.3,0.833,11.1,2.9,0.9,1.9,0.1,0.003,-3.2,-0.3,-1.451588579905977,1.3544098211418627,-0.3,1
759,2002,32,32,MEM,Robert Archibald,Illinois,2.0,44.0,328.0,51.0,69.0,16.0,0.283,0.0,0.429,7.5,1.2,1.6,0.4,0.0,-0.004,-6.1,-0.3,-2.5315104975339793,-1.4339718303770388,-0.3,1
760,2002,33,33,DEN,Vincent Yarbrough,Tennessee,1.0,59.0,1381.0,406.0,162.0,130.0,0.393,0.269,0.79,23.4,6.9,2.7,2.2,1.0,0.035,-2.4,-0.1,-1.4672091302393608,0.8949572103453315,-0.1,1
764,2002,37,37,ATL,David Andersen,International,2.0,103.0,1264.0,501.0,292.0,57.0,0.44,0.347,0.674,12.3,4.9,2.8,0.6,1.5,0.059,-2.9,-0.3,-1.368835844970161,0.6209380210761933,-0.3,1
765,2002,38,38,HOU,Tito Maddox,Fresno State,1.0,9.0,35.0,11.0,7.0,5.0,0.25,0.0,0.625,3.9,1.2,0.8,0.6,0.0,-0.011,-1.4,0.0,-2.437437635067695,-0.5305779818976765,0.0,1
767,2002,40,40,WAS,Juan Carlos Navarro,International,1.0,82.0,2117.0,896.0,210.0,177.0,0.402,0.361,0.849,25.8,10.9,2.6,2.2,1.4,0.031,-2.3,-0.2,-1.1438274868116167,1.5132624607387386,-0.2,1
774,2002,47,47,UTA,Jamal Sampson,California,5.0,72.0,631.0,142.0,242.0,26.0,0.491,0.0,0.537,8.8,2.0,3.4,0.4,1.4,0.106,-2.3,-0.1,-1.9681693773263296,-1.7022482372765735,-0.1,1
775,2002,48,48,MIL,Chris Owens,Texas,1.0,1.0,6.0,4.0,1.0,0.0,0.667,0.0,0.0,6.0,4.0,1.0,0.0,0.0,-0.032,-0.5,0.0,-2.501208979516161,-4.342630758535286,0.0,1
777,2002,50,50,BOS,Darius Songaila,Wake Forest,8.0,495.0,9229.0,3415.0,1689.0,589.0,0.499,0.158,0.844,18.6,6.9,3.4,1.2,15.9,0.083,-2.1,-0.2,0.3171308965919641,-0.14378873238234133,-0.2,1
784,2002,57,57,SAS,Randy Holcomb,San Diego State,1.0,4.0,11.0,2.0,1.0,0.0,1.0,0.0,0.0,2.8,0.5,0.3,0.0,0.0,0.15,-1.7,0.0,-1.953705049022198,-5.4067903939489685,0.0,1
785,2002,58,58,SAC,Corsley Edwards,Central Connecticut State University,1.0,10.0,110.0,27.0,25.0,3.0,0.323,0.0,0.583,11.0,2.7,2.5,0.3,0.1,0.026,-6.2,-0.1,-2.3579933737897636,-0.9340878024625393,-0.1,1
798,2003,13,13,MEM,Marcus Banks,UNLV,8.0,348.0,5571.0,2061.0,519.0,728.0,0.432,0.327,0.768,16.0,5.9,1.5,2.1,6.6,0.057,-2.0,-0.1,-0.3718768215626592,0.8090723138989245,-0.1,1
801,2003,16,16,BOS,Troy Bell,Boston College,1.0,6.0,34.0,11.0,4.0,4.0,0.222,0.0,1.0,5.7,1.8,0.7,0.7,-0.2,-0.326,-19.6,-0.2,-2.0509821681836624,1.049916305714151,-0.2,1
811,2003,26,26,MIN,Ndudi Ebi,International,2.0,19.0,86.0,40.0,19.0,4.0,0.486,0.0,0.462,4.5,2.1,1.0,0.2,0.1,0.051,-3.8,0.0,-2.2216349527303665,-1.9367056284377582,0.0,1
818,2003,33,33,MIA,Jerome Beasley,University of North Dakota,1.0,2.0,5.0,2.0,1.0,0.0,0.333,0.0,0.0,2.5,1.0,0.5,0.0,0.0,-0.117,-5.2,0.0,-3.0450791441940983,-3.276244558848439,0.0,1
824,2003,39,39,NYK,Slavko Vraneš,International,1.0,1.0,3.0,0.0,0.0,0.0,0.0,0.0,0.0,3.0,0.0,0.0,0.0,0.0,-0.371,-26.2,0.0,-3.5902873095801504,-2.2124186170053934,0.0,1
825,2003,40,40,GSW,Derrick Zimmerman,Mississippi State,1.0,2.0,32.0,4.0,4.0,7.0,0.667,0.0,0.0,16.0,2.0,2.0,3.5,0.0,0.004,-10.4,-0.1,-2.4959399788080243,-4.343211882014308,-0.1,1
833,2003,48,48,NOH,James Lang,International,1.0,11.0,55.0,11.0,11.0,2.0,0.444,0.0,0.6,5.0,1.0,1.0,0.2,0.1,0.047,-6.4,-0.1,-2.1464799099631295,-1.250732883286503,-0.1,1
841,2003,56,56,BOS,Brandon Hunter,Ohio University,2.0,67.0,630.0,220.0,187.0,22.0,0.476,0.0,0.488,9.4,3.3,2.8,0.3,0.7,0.055,-3.7,-0.3,-2.0616325640087125,-1.8414710281118347,-0.3,1
843,2003,58,58,DET,Andreas Glyniadakis,International,1.0,13.0,81.0,17.0,8.0,1.0,0.471,0.0,0.5,6.2,1.3,0.6,0.1,-0.2,-0.143,-14.0,-0.2,-2.2154241020513252,-1.7346800957318382,-0.2,1
853,2004,10,10,CLE,Luke Jackson,Oregon,4.0,73.0,724.0,252.0,89.0,58.0,0.357,0.36,0.732,9.9,3.5,1.2,0.8,0.2,0.01,-3.7,-0.3,-1.5506182782010736,1.219607209423621,-0.3,1
864,2004,21,21,UTA,Pavel Podkolzin,International,2.0,6.0,28.0,4.0,9.0,0.0,0.0,0.0,0.5,4.7,0.7,1.5,0.0,-0.1,-0.163,-15.0,-0.1,-2.9972569045055955,-0.2284706480893832,-0.1,1
866,2004,23,23,POR,Sergei Monia,International,1.0,26.0,343.0,77.0,52.0,19.0,0.333,0.265,0.714,13.2,3.0,2.0,0.7,-0.2,-0.025,-5.3,-0.3,-1.836846469912765,0.7962344647346556,-0.3,1
875,2004,32,32,WAS,Peter John Ramos,International,1.0,6.0,20.0,11.0,4.0,0.0,0.5,0.0,0.5,3.3,1.8,0.7,0.0,0.0,-0.108,-10.0,0.0,-2.1821096521028736,-1.8245250230056245,0.0,1
877,2004,34,34,ATL,Donta Smith,Southeastern Illinois College,2.0,61.0,560.0,165.0,66.0,48.0,0.421,0.308,0.65,9.2,2.7,1.1,0.8,0.5,0.043,-3.2,-0.2,-1.6411031731416794,0.4518646966304574,-0.2,1
878,2004,35,35,SEA,Andre Emmett,Texas Tech,2.0,14.0,73.0,20.0,8.0,1.0,0.462,0.0,0.615,5.2,1.4,0.6,0.1,0.1,0.04,-5.5,-0.1,-2.094774965025673,-1.2492329034227871,-0.1,1
888,2004,45,45,CHA,Bernard Robinson,Michigan,3.0,128.0,1909.0,576.0,315.0,126.0,0.417,0.161,0.786,14.9,4.5,2.5,1.0,2.0,0.049,-2.0,0.0,-1.393566538530777,0.24878582035781588,0.0,1
893,2004,50,50,DAL,Vassilis Spanoulis,International,1.0,31.0,272.0,85.0,22.0,28.0,0.319,0.172,0.81,8.8,2.7,0.7,0.9,-0.1,-0.01,-5.9,-0.3,-1.8537380946127504,0.7869238316316678,-0.3,1
898,2004,55,55,HOU,Luis Flores,Manhattan College,1.0,16.0,77.0,35.0,3.0,11.0,0.483,0.5,1.0,4.8,2.2,0.2,0.7,0.0,-0.02,-4.8,0.0,-1.0303860916455079,2.5743362493063824,0.0,1
914,2005,12,12,LAC,Yaroslav Korolev,International,2.0,34.0,168.0,39.0,16.0,13.0,0.283,0.25,0.625,4.9,1.1,0.5,0.4,-0.1,-0.024,-5.2,-0.1,-2.0491172231992594,0.535919812779166,-0.1,1
922,2005,20,20,DEN,Julius Hodge,NC State,2.0,23.0,98.0,28.0,15.0,18.0,0.44,0.0,0.5,4.3,1.2,0.7,0.8,0.0,0.003,-3.7,0.0,-2.2440805026829613,-1.6386823104649575,0.0,1
931,2005,29,29,MIA,Wayne Simien,Kansas,2.0,51.0,507.0,169.0,99.0,11.0,0.469,0.0,0.854,9.9,3.3,1.9,0.2,0.9,0.083,-4.4,-0.3,-1.6994022853216197,-0.3480266266463274,-0.3,1
944,2005,42,42,GSW,Chris Taft,Pitt,1.0,17.0,144.0,47.0,36.0,2.0,0.605,0.0,0.167,8.5,2.8,2.1,0.1,0.5,0.155,-0.7,0.0,-2.3679774179357946,-3.4912373881124306,0.0,1
945,2005,43,43,NJN,Mile Ilić,International,1.0,5.0,6.0,0.0,1.0,0.0,0.0,0.0,0.0,1.2,0.0,0.2,0.0,-0.2,-1.264,-52.0,-0.1,-3.5845010277250147,-2.213558399020242,-0.1,1
946,2005,44,44,ORL,Martynas Andriuškevičius,International,1.0,6.0,9.0,0.0,4.0,0.0,0.0,0.0,0.0,1.5,0.0,0.7,0.0,0.0,0.155,5.2,0.0,-3.582401831160672,-2.2142304384036655,0.0,1
949,2005,47,47,MIN,Bracey Wright,Indiana,2.0,26.0,325.0,129.0,39.0,20.0,0.405,0.324,0.794,12.5,5.0,1.5,0.8,0.5,0.068,-1.6,0.0,-1.5565945752941535,1.1640386509182694,0.0,1
950,2005,48,48,SEA,Mickaël Gelabale,International,3.0,145.0,2348.0,670.0,330.0,115.0,0.47,0.316,0.815,16.2,4.6,2.3,0.8,3.0,0.062,-2.1,0.0,-1.0432449201354204,0.915394286799924,0.0,1
953,2005,51,51,UTA,Robert Whaley,Walsh University,1.0,23.0,212.0,49.0,43.0,17.0,0.404,0.0,0.5,9.2,2.1,1.9,0.7,0.0,0.004,-5.1,-0.2,-2.290335346621092,-1.528655841474474,-0.2,1
956,2005,54,54,NYK,Dijon Thompson,UCLA,2.0,16.0,93.0,45.0,19.0,3.0,0.425,0.308,0.875,5.8,2.8,1.2,0.2,0.2,0.102,-0.5,0.0,-1.4891046446701222,1.3537398371919251,0.0,1
957,2005,55,55,SEA,Lawrence Roberts,Mississippi State,2.0,87.0,1150.0,334.0,310.0,35.0,0.452,0.0,0.688,13.2,3.8,3.6,0.4,2.5,0.106,-1.9,0.0,-1.7774165357138996,-0.9965028927038697,0.0,1
960,2005,58,58,TOR,Uroš Slokar,International,1.0,20.0,72.0,38.0,14.0,1.0,0.538,0.5,0.692,3.6,1.9,0.7,0.1,0.1,0.042,-5.6,-0.1,-1.2950289812263958,1.1720938124926772,-0.1,1
962,2005,60,60,DET,Alex Acker,Pepperdine,2.0,30.0,234.0,81.0,29.0,16.0,0.37,0.32,0.5,7.8,2.7,1.0,0.5,-0.2,-0.043,-5.3,-0.2,-1.9674219357343996,0.09026293841774126,-0.2,1
971,2006,9,9,GSW,Patrick O'Bryant,Bradley,4.0,90.0,524.0,186.0,127.0,25.0,0.494,0.0,0.583,5.8,2.1,1.4,0.3,0.5,0.046,-4.6,-0.3,-1.9092775495684366,-1.5177380846058044,-0.3,1
972,2006,10,10,SEA,Mouhamed Sene,International,3.0,47.0,260.0,103.0,75.0,1.0,0.427,0.0,0.589,5.5,2.2,1.6,0.0,0.3,0.052,-5.1,-0.2,-2.10760818462567,-1.2602972331596642,-0.2,1
979,2006,17,17,IND,Shawne Williams,Memphis,7.0,314.0,5368.0,1769.0,945.0,220.0,0.403,0.339,0.755,17.1,5.6,3.0,0.7,6.7,0.06,-2.2,-0.3,-0.5709306046422336,0.8431078720602618,-0.3,1
985,2006,23,23,NJN,Josh Boone,UConn,4.0,256.0,4482.0,1340.0,1258.0,125.0,0.544,0.0,0.445,17.5,5.2,4.9,0.5,9.1,0.097,-2.0,0.0,-1.2176481946389415,-2.45891848804204,0.0,1
993,2006,31,31,POR,James White,Cincinnati,3.0,67.0,583.0,182.0,68.0,35.0,0.438,0.34,0.676,8.7,2.7,1.0,0.5,0.8,0.062,-3.2,-0.2,-1.5389668688676938,0.6493354937278694,-0.2,1
1000,2006,38,38,GSW,Kosta Perović,International,1.0,7.0,38.0,10.0,13.0,1.0,0.3,0.0,0.667,5.4,1.4,1.9,0.1,0.0,0.06,-5.9,0.0,-2.3095704145585696,-0.5238539605494122,0.0,1
1001,2006,39,39,MIL,David Noel,UNC,1.0,68.0,792.0,184.0,123.0,65.0,0.367,0.321,0.86,11.6,2.7,1.8,1.0,0.4,0.024,-3.1,-0.2,-1.4309525943611314,1.509312127054954,-0.2,1
1003,2006,41,41,ORL,James Augustine,Illinois,2.0,27.0,156.0,42.0,33.0,4.0,0.514,0.0,0.5,5.8,1.6,1.2,0.1,0.3,0.101,-2.7,0.0,-2.114534927800133,-1.8795535443235345,0.0,1
1005,2006,43,43,NOK,Marcus Vinicius,International,2.0,26.0,172.0,50.0,19.0,7.0,0.457,0.421,0.556,6.6,1.9,0.7,0.3,0.2,0.056,-3.0,0.0,-1.6598944192307308,0.5145943066425578,0.0,1
1008,2006,46,46,UTA,Dee Brown,Illinois,2.0,68.0,711.0,140.0,69.0,119.0,0.34,0.25,0.643,10.5,2.1,1.0,1.8,0.1,0.008,-3.0,-0.2,-1.8119545185804855,0.4086275302366745,-0.2,1
1013,2006,51,51,LAL,Cheikh Samb,International,2.0,22.0,114.0,22.0,31.0,1.0,0.25,0.0,0.444,5.2,1.0,1.4,0.0,-0.1,-0.056,-9.1,-0.2,-2.6224922649415423,-1.2570534080966287,-0.2,1
1014,2006,52,52,LAC,Guillermo Díaz,Miami (FL),1.0,6.0,18.0,5.0,2.0,1.0,0.25,0.0,0.6,3.0,0.8,0.3,0.2,0.0,0.033,-2.9,0.0,-2.474207154189598,-0.6284532324892954,0.0,1
1016,2006,54,54,NJN,Hassan Adams,Arizona,2.0,73.0,547.0,185.0,84.0,14.0,0.534,0.0,0.643,7.5,2.5,1.2,0.2,0.8,0.072,-2.3,0.0,-1.8081278628824469,-1.397722917170643,0.0,1
1021,2006,59,59,SAS,Damir Markota,International,1.0,30.0,170.0,51.0,31.0,6.0,0.365,0.375,0.636,5.7,1.7,1.0,0.2,-0.2,-0.07,-8.5,-0.3,-1.76210950889171,0.9064478180760595,-0.3,1
1022,2006,60,60,DET,Will Blalock,Iowa State,1.0,14.0,166.0,25.0,15.0,17.0,0.3,0.2,1.0,11.9,1.8,1.1,1.2,-0.1,-0.032,-5.8,-0.2,-1.669316146862421,1.7409221206052101,-0.2,1
1051,2007,29,29,PHO,Alando Tucker,Wisconsin,3.0,51.0,426.0,211.0,49.0,16.0,0.423,0.294,0.783,8.4,4.1,1.0,0.3,0.4,0.045,-4.5,-0.3,-1.527497253712747,0.9118403103021212,-0.3,1
1054,2007,32,32,BOS,Gabe Pruitt,USC,2.0,62.0,461.0,125.0,51.0,52.0,0.321,0.283,0.783,7.4,2.0,0.8,0.8,0.4,0.043,-2.8,-0.1,-1.6866576459019678,1.1847840568193826,-0.1,1
1055,2007,33,33,SAS,Marcus Williams,Arizona,2.0,13.0,39.0,14.0,12.0,3.0,0.318,0.0,0.0,3.0,1.1,0.9,0.2,-0.1,-0.084,-5.4,0.0,-3.0488009737944344,-3.232810795944054,0.0,1
1058,2007,36,36,GSW,Jermareo Davidson,Alabama,2.0,52.0,433.0,162.0,96.0,14.0,0.425,0.0,0.578,8.3,3.1,1.8,0.3,0.0,0.0,-5.2,-0.3,-2.0953609201275474,-1.3032002797818034,-0.3,1
1062,2007,40,40,LAL,Sun Yue,International,1.0,10.0,28.0,6.0,0.0,2.0,0.273,0.0,0.0,2.8,0.6,0.0,0.2,-0.1,-0.226,-19.4,-0.1,-3.1302538811202827,-3.0866181732910865,-0.1,1
1064,2007,42,42,POR,Derrick Byars,Vanderbilt,1.0,2.0,37.0,10.0,11.0,1.0,0.273,0.0,1.0,18.5,5.0,5.5,0.5,0.1,0.147,-4.7,0.0,-1.972670613469792,0.8869655874953977,0.0,1
1068,2007,46,46,GSW,Stéphane Lasme,UMass,1.0,16.0,303.0,83.0,53.0,3.0,0.451,0.0,0.594,18.9,5.2,3.3,0.2,0.3,0.041,-4.4,-0.2,-2.1084747566969604,-1.306534078179448,-0.2,1
1069,2007,47,47,WAS,Dominic McGuire,Fresno State,6.0,342.0,5348.0,939.0,1169.0,422.0,0.419,0.188,0.658,15.6,2.7,3.4,1.2,4.1,0.037,-2.1,-0.1,-0.765164610162159,-0.3256512201330062,-0.1,1
1073,2007,51,51,CHI,JamesOn Curry,Oklahoma State,1.0,1.0,0.0,0.0,0.0,0.0,0.0,0.0,0.0,0.0,0.0,0.0,0.0,0.0,0.0,0.0,0.0,-3.590426096426908,-2.212395139473261,0.0,1
1074,2007,52,52,POR,Taurean Green,Florida,1.0,17.0,74.0,27.0,10.0,11.0,0.28,0.182,0.917,4.4,1.6,0.6,0.6,-0.1,-0.066,-7.5,-0.1,-1.8222008321341503,1.3904299296426055,-0.1,1
1075,2007,53,53,POR,Demetris Nichols,Syracuse,2.0,18.0,58.0,22.0,7.0,2.0,0.281,0.2,0.5,3.2,1.2,0.4,0.1,-0.2,-0.203,-10.3,-0.1,-2.289152382913159,-0.18463727411745542,-0.1,1
1081,2007,59,59,PHO,D.J. Strawberry,Maryland,1.0,33.0,270.0,73.0,28.0,30.0,0.315,0.24,0.474,8.2,2.2,0.8,0.9,-0.2,-0.031,-5.6,-0.2,-2.1704486658299356,-0.21534355645771494,-0.2,1
1090,2008,8,8,MIL,Joe Alexander,West Virginia,2.0,67.0,745.0,282.0,120.0,44.0,0.41,0.34,0.698,11.1,4.2,1.8,0.7,0.5,0.03,-3.6,-0.3,-1.52924460210862,0.8170966155538825,-0.3,1
1111,2008,29,29,DET,D.J. White,Indiana,6.0,138.0,2111.0,810.0,437.0,80.0,0.507,0.333,0.72,15.3,5.9,3.2,0.6,3.8,0.087,-2.1,0.0,-1.0708911241285424,0.4862563720713648,0.0,1
1112,2008,30,30,BOS,J.R. Giddens,New Mexico,2.0,38.0,247.0,73.0,54.0,13.0,0.476,0.0,0.565,6.5,1.9,1.4,0.3,0.1,0.027,-4.3,-0.1,-2.07182718847673,-1.506187607292756,-0.1,1
1114,2008,32,32,SEA,Walter Sharpe,UAB,1.0,8.0,20.0,8.0,3.0,0.0,0.364,0.0,0.0,2.5,1.0,0.4,0.0,-0.1,-0.131,-10.1,0.0,-2.984678852327611,-3.377169049995835,0.0,1
1115,2008,33,33,POR,Joey Dorsey,Memphis,4.0,130.0,1488.0,344.0,513.0,55.0,0.534,0.0,0.375,11.4,2.6,3.9,0.4,2.9,0.092,-2.7,-0.3,-1.88687938473339,-2.5418090188509352,-0.3,1
1122,2008,40,40,NJN,Chris Douglas-Roberts,Memphis,6.0,222.0,4381.0,1571.0,472.0,254.0,0.439,0.329,0.831,19.7,7.1,2.1,1.1,5.4,0.059,-2.2,-0.2,-0.7083669666250039,1.0803738547447128,-0.2,1
1123,2008,41,41,IND,Nathan Jawai,International,2.0,45.0,431.0,126.0,106.0,24.0,0.435,0.0,0.684,9.6,2.8,2.4,0.5,0.2,0.02,-4.4,-0.3,-1.9634002326016784,-0.9127745025234028,-0.3,1
1124,2008,42,42,SAC,Sean Singletary,Virginia,1.0,37.0,303.0,90.0,35.0,29.0,0.365,0.4,0.857,8.2,2.4,0.9,0.8,0.0,0.006,-5.1,-0.2,-1.4487301920616298,1.8997061686265517,-0.2,1
1125,2008,43,43,SAC,Patrick Ewing,Georgetown,1.0,7.0,19.0,3.0,2.0,2.0,0.0,0.0,0.75,2.7,0.4,0.3,0.3,-0.1,-0.158,-9.1,0.0,-2.705747255791892,0.7656971457715162,0.0,1
1130,2008,48,48,PHO,Malik Hairston,Oregon,2.0,62.0,472.0,149.0,77.0,29.0,0.512,0.167,0.514,7.6,2.4,1.2,0.5,0.8,0.086,-2.0,0.0,-1.8210117347359345,-1.0463625809822092,0.0,1
1138,2008,56,56,SEA,Sasha Kaun,Kansas,1.0,25.0,95.0,23.0,26.0,3.0,0.529,0.0,0.455,3.8,0.9,1.0,0.1,0.2,0.096,-2.8,0.0,-2.151508935692396,-2.1041606219206246,0.0,1
1140,2008,58,58,LAL,Joe Crawford,Kentucky,1.0,2.0,23.0,9.0,4.0,1.0,0.3,0.25,1.0,11.5,4.5,2.0,0.5,0.0,0.037,-2.7,0.0,-1.6432543303451645,1.9820879476073319,0.0,1
1150,2009,8,8,NYK,Jordan Hill,Arizona,8.0,409.0,7692.0,3232.0,2389.0,322.0,0.497,0.136,0.699,18.8,7.9,5.8,0.8,16.4,0.102,-2.0,0.0,-0.026220209913808825,-0.8865098439816611,0.0,1
1155,2009,13,13,IND,Tyler Hansbrough,UNC,7.0,428.0,7233.0,2881.0,1808.0,181.0,0.439,0.136,0.738,16.9,6.7,4.2,0.4,20.2,0.134,-2.0,0.0,-0.2613122961996368,-0.4707302446147465,0.0,1
1157,2009,15,15,DET,Austin Daye,Gonzaga,6.0,293.0,4132.0,1522.0,764.0,212.0,0.402,0.351,0.778,14.1,5.2,2.6,0.7,4.5,0.053,-2.0,0.0,-0.6789390096393807,1.0360420297221054,0.0,1
1173,2009,31,31,SAC,Jeff Ayres,Arizona State,6.0,237.0,2322.0,690.0,632.0,99.0,0.553,0.4,0.776,9.8,2.9,2.7,0.4,6.3,0.131,-2.3,-0.2,-0.6753125206204932,0.8281502483799451,-0.2,1
1174,2009,32,32,WAS,Jermaine Taylor,Central Florida,2.0,65.0,786.0,351.0,108.0,48.0,0.441,0.284,0.73,12.1,5.4,1.7,0.7,0.2,0.014,-3.7,-0.3,-1.501430828930929,0.5819983295354533,-0.3,1
1178,2009,36,36,MEM,Sam Young,Pitt,4.0,249.0,3966.0,1436.0,573.0,180.0,0.442,0.28,0.742,15.9,5.8,2.3,0.7,5.2,0.063,-2.1,-0.1,-0.8605220152149111,0.4675900412267203,-0.1,1
1190,2009,48,48,PHO,Taylor Griffin,Oklahoma,1.0,8.0,32.0,10.0,2.0,1.0,0.4,0.0,0.5,4.0,1.3,0.3,0.1,0.0,-0.039,-8.1,-0.1,-2.3421947827247105,-1.5054493728548037,-0.1,1
1200,2009,58,58,BOS,Lester Hudson,University of Tennessee at Martin,4.0,57.0,594.0,268.0,77.0,71.0,0.375,0.277,0.806,10.4,4.7,1.4,1.2,0.2,0.016,-2.1,0.0,-1.5552447410550523,1.0711675320603211,0.0,1
1218,2010,16,16,MIN,Luke Babbitt,Nevada,8.0,381.0,5332.0,1818.0,846.0,224.0,0.408,0.402,0.747,14.0,4.8,2.2,0.6,7.2,0.065,-2.1,-0.1,-0.424101825575509,1.0895081044849306,-0.1,1
1223,2010,21,21,OKC,Craig Brackins,Iowa State,2.0,17.0,121.0,30.0,19.0,9.0,0.265,0.214,0.5,7.1,1.8,1.1,0.5,-0.2,-0.089,-9.9,-0.2,-2.292373509976673,-0.06912851912701444,-0.2,1
1226,2010,24,24,ATL,Damion James,Texas,4.0,39.0,623.0,150.0,131.0,26.0,0.415,0.0,0.667,16.0,3.8,3.4,0.7,0.0,-0.001,-3.7,-0.3,-2.007349662078468,-0.9200410987493103,-0.3,1
1227,2010,25,25,MEM,Dominique Jones,South Florida,3.0,80.0,741.0,246.0,114.0,144.0,0.366,0.095,0.729,9.3,3.1,1.4,1.8,0.3,0.017,-2.4,-0.1,-1.8035480100401338,-0.07396564110840512,-0.1,1
1231,2010,29,29,ORL,Daniel Orton,Kentucky,3.0,51.0,542.0,143.0,126.0,24.0,0.485,0.0,0.597,10.6,2.8,2.5,0.5,1.0,0.093,-3.5,-0.2,-1.96437919852738,-1.4233442515708736,-0.2,1
1232,2010,30,30,WAS,Lazar Hayward,Marquette,3.0,72.0,591.0,207.0,90.0,35.0,0.347,0.269,0.767,8.2,2.9,1.3,0.5,0.2,0.02,-4.2,-0.3,-1.6491503617798218,0.9617660677891539,-0.3,1
1233,2010,31,31,NJN,Tibor Pleiß,International,1.0,12.0,82.0,24.0,15.0,2.0,0.44,0.0,1.0,6.8,2.0,1.3,0.2,-0.1,-0.041,-11.6,-0.2,-1.6820824972953663,0.3501971017057578,-0.2,1
1236,2010,34,34,POR,Armon Johnson,Nevada,2.0,47.0,401.0,157.0,49.0,56.0,0.458,0.4,0.679,8.5,3.3,1.0,1.2,-0.1,-0.015,-4.1,-0.2,-1.469265530857834,0.8906444124492314,-0.2,1
1239,2010,37,37,MIL,Darington Hobson,New Mexico,1.0,5.0,39.0,4.0,3.0,6.0,0.154,0.0,0.0,7.8,0.8,0.6,1.2,-0.2,-0.225,-13.0,-0.1,-3.329114517129422,-2.7056854920113307,-0.1,1
1240,2010,38,38,NYK,Andy Rautins,Syracuse,1.0,5.0,24.0,8.0,1.0,3.0,0.429,0.25,0.5,4.8,1.6,0.2,0.6,-0.2,-0.314,-13.2,-0.1,-2.0116168978300366,-0.41674148669085787,-0.1,1
1243,2010,41,41,MIA,Jarvis Varnado,Mississippi State,2.0,37.0,397.0,107.0,72.0,16.0,0.582,0.0,0.518,10.7,2.9,1.9,0.4,0.7,0.089,-3.3,-0.1,-1.9404605869766012,-2.0350576459345815,-0.1,1
1248,2010,46,46,PHO,Gani Lawal,Georgia Tech,1.0,1.0,2.0,0.0,0.0,0.0,0.0,0.0,0.0,2.0,0.0,0.0,0.0,0.0,-0.009,-15.0,0.0,-3.590333571862403,-2.212410791161349,0.0,1
1252,2010,50,50,DAL,Solomon Alabi,Florida State,2.0,26.0,181.0,39.0,61.0,5.0,0.314,0.0,0.7,7.0,1.5,2.3,0.2,0.0,0.01,-4.4,-0.1,-2.202318298557368,-0.44985854063469455,-0.1,1
1254,2010,52,52,BOS,Luke Harangody,Notre Dame,2.0,70.0,871.0,253.0,196.0,36.0,0.376,0.241,0.737,12.4,3.6,2.8,0.5,0.9,0.048,-3.5,-0.3,-1.633102479420492,0.6013306029876133,-0.3,1
1255,2010,53,53,ATL,Pape Sy,International,1.0,3.0,21.0,7.0,3.0,2.0,0.333,0.0,1.0,7.0,2.3,1.0,0.7,0.0,-0.047,-6.0,0.0,-1.8757148220499424,0.6963887732667955,0.0,1
1256,2010,54,54,LAC,Willie Warren,Oklahoma,1.0,19.0,134.0,37.0,12.0,27.0,0.371,0.333,0.75,7.1,1.9,0.6,1.4,0.2,0.065,-2.7,0.0,-1.6831233601978584,1.1484606997246822,0.0,1
1258,2010,56,56,MIN,Hamady N'Diaye,Rutgers University,3.0,33.0,157.0,20.0,25.0,3.0,0.467,0.0,0.462,4.8,0.6,0.8,0.1,0.0,0.013,-7.3,-0.2,-2.2312272075742956,-1.8806360460829208,-0.2,1
1259,2010,57,57,IND,Ryan Reid,Florida State,1.0,5.0,17.0,8.0,2.0,0.0,0.8,0.0,0.0,3.4,1.6,0.4,0.0,0.1,0.142,-2.0,0.0,-2.277663227194565,-4.7686037611766485,0.0,1
1260,2010,58,58,LAL,Derrick Caracter,Texas-El Paso,1.0,41.0,215.0,81.0,43.0,7.0,0.485,0.0,0.739,5.2,2.0,1.0,0.2,0.3,0.057,-7.1,-0.3,-1.8549502693325648,-0.8429153572727629,-0.3,1
1289,2011,27,27,NJN,JaJuan Johnson,Purdue,1.0,36.0,298.0,114.0,58.0,6.0,0.446,0.0,0.667,8.3,3.2,1.6,0.2,0.2,0.032,-3.9,-0.1,-1.999772631990274,-1.0063053856767323,-0.1,1
1294,2011,32,32,CLE,Justin Harper,Richmond,3.0,22.0,150.0,45.0,18.0,4.0,0.34,0.276,0.333,6.8,2.0,0.8,0.2,-0.3,-0.093,-8.7,-0.2,-2.285556534763371,-0.6811453306558686,-0.2,1
1297,2011,35,35,SAC,Tyler Honeycutt,UCLA,2.0,24.0,120.0,28.0,24.0,9.0,0.314,0.2,0.714,5.0,1.2,1.0,0.4,-0.1,-0.049,-5.1,-0.1,-1.9687348479985238,0.5562153390316069,-0.1,1
1298,2011,36,36,NJN,Jordan Williams,Maryland,1.0,43.0,635.0,197.0,156.0,11.0,0.507,0.0,0.652,14.8,4.6,3.6,0.3,1.3,0.101,-2.1,0.0,-1.8639199280207002,-1.278994615190763,0.0,1
1299,2011,37,37,LAC,Trey Thompkins,Georgia,1.0,24.0,119.0,57.0,24.0,3.0,0.393,0.308,0.714,5.0,2.4,1.0,0.1,0.0,0.004,-5.7,-0.1,-1.714815635540721,0.8132569818157694,-0.1,1
1305,2011,43,43,CHI,Malcolm Lee,UCLA,3.0,36.0,534.0,140.0,65.0,51.0,0.382,0.294,0.703,14.8,3.9,1.8,1.4,0.4,0.04,-2.5,-0.1,-1.6959006427385626,0.7277755608724563,-0.1,1
1308,2011,46,46,LAL,Andrew Goudelock,College of Charleston,3.0,49.0,475.0,197.0,34.0,24.0,0.393,0.345,0.875,9.7,4.0,0.7,0.5,0.0,0.003,-5.0,-0.3,-1.4128758241943609,1.6165546739112007,-0.3,1
1309,2011,47,47,LAC,Travis Leslie,Georgia,1.0,10.0,45.0,14.0,9.0,5.0,0.357,0.0,0.444,4.5,1.4,0.9,0.5,0.1,0.06,-0.3,0.0,-2.471352080567324,-1.5920595193139475,0.0,1
1310,2011,48,48,ATL,Keith Benson,Oakland,1.0,3.0,9.0,0.0,3.0,0.0,0.0,0.0,0.0,3.0,0.0,1.0,0.0,0.0,-0.005,-7.7,0.0,-3.5866873193229085,-2.2133596204297548,0.0,1
1312,2011,50,50,PHI,Lavoy Allen,Temple,6.0,388.0,6905.0,1847.0,1843.0,384.0,0.471,0.133,0.682,17.8,4.8,4.8,1.0,13.8,0.096,-2.1,-0.1,-0.37445321651928226,-0.7820509004078546,-0.1,1
1315,2011,53,53,ORL,DeAndre Liggins,Kentucky,5.0,177.0,1907.0,346.0,252.0,122.0,0.402,0.352,0.549,10.8,2.0,1.4,0.7,1.6,0.04,-2.2,-0.1,-1.4429506423652099,0.25572664426385167,-0.1,1
1338,2012,16,16,HOU,Royce White,Iowa State,1.0,3.0,9.0,0.0,0.0,0.0,0.0,0.0,0.0,3.0,0.0,0.0,0.0,0.0,-0.121,-16.9,0.0,-3.5872857221943533,-2.2129565450872684,0.0,1
1339,2012,17,17,DAL,Tyler Zeller,UNC,8.0,414.0,7254.0,2873.0,1820.0,367.0,0.508,0.286,0.764,17.5,6.9,4.4,0.9,17.1,0.113,-2.0,0.0,0.09360110357547581,0.1293498742177476,0.0,1
1344,2012,22,22,BOS,Fab Melo,Syracuse,1.0,6.0,36.0,7.0,3.0,0.0,0.5,0.0,0.25,6.0,1.2,0.5,0.0,0.0,0.021,-7.6,-0.1,-2.4733870097009043,-2.817782815591328,-0.1,1
1349,2012,27,27,MIA,Arnett Moultrie,Mississippi State,2.0,59.0,729.0,210.0,180.0,12.0,0.547,0.0,0.667,12.4,3.6,3.1,0.2,1.7,0.113,-2.8,-0.1,-1.7487397743533297,-1.3551325311199534,-0.1,1
1352,2012,30,30,GSW,Festus Ezeli,Vanderbilt,3.0,170.0,2394.0,712.0,725.0,63.0,0.513,0.0,0.557,14.1,4.2,4.3,0.4,5.9,0.119,-2.0,0.0,-1.5340661355653866,-1.800967911029219,0.0,1
1355,2012,33,33,CLE,Bernard James,Florida State,3.0,92.0,761.0,203.0,212.0,13.0,0.497,0.0,0.68,8.3,2.2,2.3,0.1,1.9,0.117,-1.8,0.0,-1.7627043281178032,-1.156340533212854,0.0,1
1358,2012,36,36,SAC,Orlando Johnson,UC Santa Barbara,3.0,103.0,1112.0,329.0,180.0,69.0,0.358,0.311,0.727,10.8,3.2,1.7,0.7,1.4,0.059,-2.4,-0.1,-1.5238183032117485,0.9421169824164102,-0.1,1
1359,2012,37,37,TOR,Quincy Acy,Baylor,7.0,337.0,5392.0,1642.0,1179.0,217.0,0.444,0.35,0.759,16.0,4.9,3.5,0.6,8.7,0.078,-2.0,-0.1,-0.4201770303392991,0.7440864739906143,-0.1,1
1366,2012,44,44,DET,Kim English,Missouri,1.0,41.0,407.0,119.0,37.0,26.0,0.375,0.28,0.724,9.9,2.9,0.9,0.6,0.2,0.021,-4.2,-0.2,-1.713041436006289,0.7702764864697116,-0.2,1
1369,2012,47,47,UTA,Kevin Murphy,Tennessee Technological University,1.0,17.0,52.0,15.0,4.0,2.0,0.25,0.2,0.0,3.1,0.9,0.2,0.1,-0.3,-0.272,-16.8,-0.2,-2.9255186769502024,-2.071491362150292,-0.2,1
1370,2012,48,48,NYK,Kostas Papanikolaou,International,2.0,69.0,1089.0,249.0,158.0,101.0,0.354,0.297,0.688,15.8,3.6,2.3,1.5,0.3,0.015,-2.7,-0.2,-1.6413968036152906,0.7474867596327327,-0.2,1
1373,2012,51,51,BOS,Kris Joseph,Syracuse,1.0,10.0,54.0,9.0,7.0,1.0,0.143,0.0,0.625,5.4,0.9,0.7,0.1,-0.1,-0.127,-9.9,-0.1,-2.6111802161043016,-0.18940834470736953,-0.1,1
1374,2012,52,52,GSW,Ognjen Kuzmić,International,2.0,37.0,164.0,35.0,38.0,8.0,0.52,0.0,0.6,4.4,0.9,1.0,0.2,0.2,0.061,-5.6,-0.2,-1.9726167037229991,-1.5043419615690994,-0.2,1
1375,2012,53,53,LAC,Furkan Aldemir,International,1.0,41.0,540.0,93.0,176.0,28.0,0.513,0.0,0.481,13.2,2.3,4.3,0.7,1.4,0.122,-3.6,-0.2,-2.0610539496094487,-1.9771698818432364,-0.2,1
1376,2012,54,54,PHI,Tornike Shengelia,International,2.0,45.0,247.0,59.0,39.0,17.0,0.451,0.125,0.5,5.5,1.3,0.9,0.4,-0.2,-0.032,-7.0,-0.3,-2.0381915200839433,-1.0938580746076791,-0.3,1
1377,2012,55,55,DAL,Darius Johnson-Odom,Marquette,2.0,7.0,21.0,0.0,6.0,2.0,0.0,0.0,0.0,3.0,0.0,0.9,0.3,-0.3,-0.597,-25.5,-0.1,-3.579484092636446,-2.2147611489881576,-0.1,1
1396,2013,14,14,UTA,Shabazz Muhammad,UCLA,5.0,278.0,4772.0,2504.0,770.0,151.0,0.473,0.319,0.751,17.2,9.0,2.8,0.5,8.5,0.085,-2.0,0.0,-0.5490991238690252,0.5350714798792185,0.0,1
1402,2013,20,20,CHI,Tony Snell,New Mexico,9.0,601.0,13093.0,3672.0,1371.0,669.0,0.431,0.394,0.846,21.8,6.1,2.3,1.1,18.5,0.068,-2.0,-0.1,0.7872809963705503,1.182077428282681,-0.1,1
1405,2013,23,23,IND,Solomon Hill,Arizona,9.0,448.0,9652.0,2453.0,1399.0,662.0,0.388,0.331,0.797,21.5,5.5,3.1,1.5,11.9,0.059,-2.1,-0.3,0.1114304665597273,0.90186874639354,-0.3,1
1412,2013,30,30,PHO,Nemanja Nedović,International,1.0,24.0,142.0,26.0,15.0,13.0,0.205,0.167,0.875,5.9,1.1,0.6,0.5,-0.4,-0.132,-10.0,-0.3,-1.996607961455108,1.3894090991229162,-0.3,1
1415,2013,33,33,CLE,Carrick Felix,Arizona State,1.0,7.0,38.0,19.0,6.0,4.0,0.5,0.4,0.75,5.4,2.7,0.9,0.6,0.0,0.057,-3.4,0.0,-1.4261349367707343,1.0566478911457546,0.0,1
1417,2013,35,35,PHI,Glen Rice Jr.,Georgia Tech,2.0,16.0,152.0,43.0,24.0,9.0,0.269,0.25,0.692,9.5,2.7,1.5,0.6,-0.2,-0.065,-6.6,-0.2,-2.0183491936910976,0.850103497640554,-0.2,1
1419,2013,37,37,DET,Tony Mitchell,University of North Texas,1.0,21.0,79.0,22.0,26.0,2.0,0.417,1.0,0.579,3.8,1.0,1.2,0.1,0.2,0.151,0.4,0.0,-1.046305373072504,3.468396942233216,0.0,1
1420,2013,38,38,WAS,Nate Wolters,South Dakota State,3.0,84.0,1575.0,461.0,185.0,209.0,0.423,0.261,0.635,18.8,5.5,2.2,2.5,0.9,0.028,-2.6,-0.2,-1.5317240032871686,0.13720525051510216,-0.2,1
1422,2013,40,40,POR,Grant Jerrett,Arizona,1.0,8.0,51.0,16.0,9.0,3.0,0.269,0.067,1.0,6.4,2.0,1.1,0.4,-0.1,-0.128,-10.8,-0.1,-1.8925751297835387,1.214749106123946,-0.1,1
1423,2013,41,41,MEM,Jamaal Franklin,San Diego State,2.0,24.0,174.0,42.0,25.0,9.0,0.415,0.462,1.0,7.3,1.8,1.0,0.4,0.0,-0.006,-5.9,-0.2,-1.1652304791689667,2.60624799394505,-0.2,1
1424,2013,42,42,PHI,Pierre Jackson,Baylor,1.0,8.0,84.0,35.0,9.0,19.0,0.333,0.273,0.857,10.5,4.4,1.1,2.4,0.0,0.021,-4.4,-0.1,-1.709871555365437,1.414888994308272,-0.1,1
1428,2013,46,46,UTA,Erick Green,Virginia Tech,2.0,52.0,452.0,159.0,37.0,42.0,0.377,0.288,0.857,8.7,3.1,0.7,0.8,0.1,0.011,-4.0,-0.2,-1.5199736838615898,1.3272041273926112,-0.2,1
1431,2013,49,49,CHI,Erik Murphy,Florida,1.0,24.0,62.0,6.0,8.0,2.0,0.231,0.0,0.0,2.6,0.3,0.3,0.1,-0.1,-0.055,-8.6,-0.1,-3.1765503280770346,-2.9572724942678588,-0.1,1
1437,2013,55,55,MEM,Joffrey Lauvergne,International,4.0,208.0,2823.0,1159.0,789.0,180.0,0.479,0.285,0.719,13.6,5.6,3.8,0.9,5.2,0.089,-2.1,-0.1,-0.9123002079668496,0.2748560718816153,-0.1,1
1438,2013,56,56,DET,Peyton Siva,Louisville,1.0,24.0,224.0,54.0,14.0,34.0,0.316,0.28,0.733,9.3,2.3,0.6,1.4,-0.2,-0.032,-6.4,-0.2,-1.8385962979370138,1.004206492924171,-0.2,1
1459,2014,17,17,BOS,James Young,Kentucky,4.0,95.0,812.0,219.0,96.0,28.0,0.367,0.277,0.563,8.5,2.3,1.0,0.3,0.8,0.046,-3.4,-0.3,-1.803395425873047,0.11653117742870044,-0.3,1
1462,2014,20,20,TOR,Bruno Caboclo,International,7.0,105.0,1293.0,442.0,268.0,72.0,0.403,0.308,0.836,12.3,4.2,2.6,0.7,1.5,0.054,-2.7,-0.2,-1.286830485956315,1.2024088720064472,-0.2,1
1463,2014,21,21,OKC,Mitch McGary,Michigan,2.0,52.0,557.0,227.0,183.0,17.0,0.527,0.0,0.58,10.7,4.4,3.5,0.3,1.3,0.108,-2.6,-0.1,-1.8966258844690258,-1.6342795800048655,-0.1,1
1470,2014,28,28,LAC,C.J. Wilcox,Washington,3.0,66.0,376.0,132.0,31.0,30.0,0.37,0.333,0.813,5.7,2.0,0.5,0.5,0.1,0.007,-4.3,-0.2,-1.5226776844649423,1.3849986841858504,-0.2,1
1473,2014,31,31,MIL,Damien Inglis,International,1.0,20.0,156.0,36.0,31.0,10.0,0.351,0.231,0.875,7.8,1.8,1.6,0.5,-0.1,-0.024,-5.6,-0.1,-1.6863671910160363,1.2238134571567645,-0.1,1
1484,2014,42,42,HOU,Nick Johnson,Arizona,1.0,28.0,262.0,74.0,39.0,11.0,0.347,0.238,0.68,9.4,2.6,1.4,0.4,-0.1,-0.02,-6.5,-0.3,-1.8909873890340274,0.49058025310869674,-0.3,1
1485,2014,43,43,ATL,Edy Tavares,International,2.0,13.0,101.0,33.0,32.0,4.0,0.625,0.0,0.273,7.8,2.5,2.5,0.3,0.2,0.118,-0.4,0.0,-2.2206875545084013,-3.1318451477544085,0.0,1
1489,2014,47,47,PHI,Russ Smith,Louisville,2.0,27.0,131.0,53.0,15.0,19.0,0.319,0.188,0.769,4.9,2.0,0.6,0.7,-0.2,-0.068,-5.1,-0.1,-1.9021515413886145,0.7026073241975684,-0.1,1
1491,2014,49,49,CHI,Cameron Bairstow,New Mexico,2.0,36.0,167.0,44.0,36.0,7.0,0.296,0.2,0.846,4.6,1.2,1.0,0.2,-0.1,-0.021,-8.1,-0.3,-1.8224397030669746,1.1329773020045137,-0.3,1
1500,2014,58,58,SAS,Jordan McRae,Tennessee,4.0,123.0,1696.0,846.0,225.0,167.0,0.417,0.355,0.772,13.8,6.9,1.8,1.4,1.7,0.048,-2.1,0.0,-1.184262953296947,1.1225012600452082,0.0,1
1502,2014,60,60,SAS,Cory Jefferson,Baylor,2.0,58.0,581.0,205.0,161.0,16.0,0.444,0.125,0.583,10.0,3.5,2.8,0.3,0.9,0.071,-3.3,-0.2,-1.88224400629002,-0.7656532759624006,-0.2,1
1505,2015,3,3,PHI,Jahlil Okafor,Duke,6.0,247.0,4827.0,2566.0,1169.0,225.0,0.542,0.222,0.676,19.5,10.4,4.7,0.9,7.2,0.071,-2.0,0.0,-0.567623993427127,-0.4855025595426698,0.0,1
1512,2015,10,10,MIA,Justise Winslow,Duke,7.0,315.0,8129.0,2633.0,1615.0,791.0,0.413,0.315,0.634,25.8,8.4,5.1,2.5,7.8,0.046,-2.1,-0.2,-0.20937382839015575,0.11730656464837065,-0.2,1
1530,2015,28,28,BOS,R.J. Hunter,Georgia State University,4.0,45.0,395.0,133.0,46.0,19.0,0.371,0.295,0.818,8.8,3.0,1.0,0.4,0.4,0.051,-2.0,0.0,-1.5868645045154586,1.2248223682474912,0.0,1
1531,2015,29,29,BRK,Chris McCullough,Syracuse,3.0,59.0,532.0,194.0,112.0,15.0,0.426,0.306,0.548,9.0,3.3,1.9,0.3,0.6,0.054,-2.5,-0.1,-1.7562624203253663,0.014099586636532432,-0.1,1
1535,2015,33,33,BOS,Jordan Mickey,LSU,3.0,64.0,482.0,152.0,128.0,17.0,0.449,0.118,0.605,7.5,2.4,2.0,0.3,0.5,0.05,-4.8,-0.3,-1.8640473133180246,-0.7228675490237002,-0.3,1
1538,2015,36,36,MIN,Rakeem Christmas,Syracuse,2.0,30.0,225.0,63.0,57.0,4.0,0.467,0.0,0.724,7.5,2.1,1.9,0.1,0.5,0.105,-4.7,-0.2,-1.9160921069274126,-0.8441989208212641,-0.2,1
1558,2015,56,56,NOP,Branden Dawson,Michigan State,1.0,6.0,29.0,5.0,4.0,0.0,0.4,0.0,1.0,4.8,0.8,0.7,0.0,0.0,0.069,-5.7,0.0,-1.7625178949310845,0.4814423296107526,0.0,1
1567,2016,5,5,MIN,Kris Dunn,Providence,6.0,245.0,5897.0,1995.0,815.0,1029.0,0.42,0.299,0.739,24.1,8.1,3.3,4.2,3.9,0.031,-2.1,-0.2,-0.43914491567114405,0.5953557683118882,-0.2,1
1572,2016,10,10,MIL,Thon Maker,International,5.0,263.0,3624.0,1216.0,726.0,161.0,0.435,0.327,0.68,13.8,4.6,2.8,0.6,6.6,0.087,-2.1,-0.1,-0.8823418259120452,0.4459948012096591,-0.1,1
1575,2016,13,13,PHO,Georgios Papagiannis,International,2.0,39.0,477.0,160.0,123.0,29.0,0.514,0.0,0.857,12.2,4.1,3.2,0.7,0.4,0.044,-3.9,-0.2,-1.6308333628622427,-0.4790535145827052,-0.2,1
1578,2016,16,16,BOS,Guerschon Yabusele,International,2.0,74.0,486.0,173.0,105.0,31.0,0.442,0.323,0.682,6.6,2.3,1.4,0.4,1.1,0.105,-1.9,0.0,-1.534598166126409,0.5741611456264185,0.0,1
1580,2016,18,18,DET,Henry Ellenson,Marquette,5.0,83.0,787.0,342.0,206.0,49.0,0.371,0.336,0.773,9.5,4.1,2.5,0.6,0.4,0.023,-3.7,-0.3,-1.462140359461407,1.2044355142785532,-0.3,1
1585,2016,23,23,BOS,Ante Žižić,International,3.0,113.0,1517.0,674.0,446.0,64.0,0.581,0.0,0.711,13.4,6.0,3.9,0.6,3.5,0.11,-2.6,-0.2,-1.42062304797844,-1.347417635812889,-0.2,1
1587,2016,25,25,LAC,Brice Johnson,UNC,2.0,21.0,107.0,47.0,34.0,3.0,0.449,0.0,0.6,5.1,2.2,1.6,0.1,0.1,0.062,-0.6,0.0,-2.114098798238146,-1.2730308976325782,0.0,1
1590,2016,28,28,PHO,Skal Labissière,Kentucky,4.0,148.0,2595.0,1069.0,662.0,152.0,0.492,0.353,0.748,17.5,7.2,4.5,1.0,4.4,0.081,-2.3,-0.2,-0.9133745948841056,0.7031403018054947,-0.2,1
1593,2016,31,31,BOS,Deyonta Davis,Michigan State,3.0,107.0,1299.0,454.0,346.0,47.0,0.599,0.0,0.635,12.1,4.2,3.2,0.4,3.6,0.131,-2.1,0.0,-1.5433868608945587,-1.6883575707423077,0.0,1
1599,2016,37,37,HOU,Chinanu Onuaku,Louisville,2.0,6.0,74.0,18.0,14.0,4.0,0.583,0.0,1.0,12.3,3.0,2.3,0.7,0.1,0.043,-5.4,-0.1,-1.4574345736181245,-0.10464438016837879,-0.1,1
1602,2016,40,40,NOP,Diamond Stone,Maryland,1.0,7.0,24.0,10.0,6.0,0.0,0.231,0.0,1.0,3.4,1.4,0.9,0.0,-0.1,-0.211,-20.8,-0.1,-2.036293352938988,1.0205964181114686,-0.1,1
1603,2016,41,41,ORL,Stephen Zimmerman,UNLV,1.0,19.0,108.0,23.0,35.0,4.0,0.323,0.0,0.6,5.7,1.2,1.8,0.2,0.0,-0.005,-8.3,-0.2,-2.3240812685160153,-0.8699947069710379,-0.2,1
1605,2016,43,43,HOU,Zhou Qi,International,2.0,19.0,125.0,24.0,22.0,2.0,0.212,0.105,0.667,6.6,1.3,1.2,0.1,-0.2,-0.093,-9.6,-0.2,-2.30866444153734,0.24792578439568966,-0.2,1
1608,2016,46,46,DAL,A.J. Hammons,Purdue,1.0,22.0,163.0,48.0,36.0,4.0,0.405,0.5,0.45,7.4,2.2,1.6,0.2,0.0,-0.001,-6.6,-0.2,-1.7810313255279988,0.6311318159512483,-0.2,1
1609,2016,47,47,ORL,Jake Layman,Maryland,6.0,243.0,3099.0,1175.0,417.0,127.0,0.46,0.3,0.719,12.8,4.8,1.7,0.5,3.8,0.059,-2.3,-0.2,-0.9542903741037428,0.4433405431671868,-0.2,1
1611,2016,49,49,DET,Michael Gbinije,Syracuse,1.0,9.0,32.0,4.0,3.0,2.0,0.1,0.0,1.0,3.6,0.4,0.3,0.2,-0.1,-0.136,-12.1,-0.1,-2.2475056651483345,1.4389302994658877,-0.1,1
1613,2016,51,51,BOS,Ben Bentil,Providence,1.0,3.0,10.0,0.0,2.0,0.0,0.0,0.0,0.0,3.3,0.0,0.7,0.0,-0.1,-0.473,-25.9,-0.1,-3.586840524664471,-2.2132330878263033,-0.1,1
1614,2016,52,52,UTA,Joel Bolomboy,Weber State,2.0,18.0,91.0,31.0,27.0,2.0,0.545,0.2,0.5,5.1,1.7,1.5,0.1,0.3,0.132,-0.1,0.0,-1.8520292245342862,-1.03074869299614,0.0,1
1615,2016,53,53,DEN,Petr Cornelie,International,1.0,13.0,38.0,14.0,14.0,3.0,0.333,0.125,0.75,2.9,1.1,1.1,0.2,0.0,-0.015,-8.8,-0.1,-2.005873070247524,0.2891085432208568,-0.1,1
1617,2016,55,55,BRK,Marcus Paige,UNC,1.0,5.0,28.0,12.0,4.0,3.0,0.286,0.25,1.0,5.6,2.4,0.8,0.6,0.0,-0.006,-8.8,0.0,-1.6609040739598473,2.0260627750511424,0.0,1
1618,2016,56,56,DEN,Daniel Hamilton,UConn,2.0,25.0,232.0,69.0,52.0,30.0,0.394,0.357,0.5,9.3,2.8,2.1,1.2,0.0,0.0,-3.3,-0.1,-1.8849168007051822,0.1871366999179153,-0.1,1
1623,2017,1,1,PHI,Markelle Fultz,Washington,5.0,131.0,3251.0,1423.0,425.0,623.0,0.45,0.262,0.708,24.8,10.9,3.2,4.8,3.5,0.052,-2.0,0.0,-0.9990498673589087,0.29371522252810633,0.0,1
1632,2017,10,10,SAC,Zach Collins,Gonzaga,4.0,182.0,3193.0,1099.0,767.0,200.0,0.452,0.327,0.743,17.5,6.0,4.2,1.1,5.1,0.077,-2.2,-0.2,-0.9022592936989705,0.6626368684779028,-0.2,1
1638,2017,16,16,CHI,Justin Patton,Creighton,4.0,22.0,296.0,86.0,60.0,19.0,0.404,0.25,0.667,13.5,3.9,2.7,0.9,0.4,0.066,-2.8,-0.1,-1.7982347120535074,0.31211260420542775,-0.1,1
1639,2017,17,17,MIL,D.J. Wilson,Michigan,5.0,146.0,1803.0,647.0,452.0,108.0,0.419,0.327,0.618,12.3,4.4,3.1,0.7,2.8,0.075,-2.6,-0.3,-1.3472122069359085,0.3350837474662461,-0.3,1
1642,2017,20,20,POR,Harry Giles,Duke,3.0,142.0,1835.0,832.0,543.0,174.0,0.511,0.258,0.671,12.9,5.9,3.8,1.2,3.0,0.079,-2.4,-0.2,-1.1636146393486189,-0.0849728338953703,-0.2,1
1646,2017,24,24,UTA,Tyler Lydon,Syracuse,2.0,26.0,96.0,23.0,18.0,6.0,0.5,0.4,0.333,3.7,0.9,0.7,0.2,0.2,0.084,-4.3,-0.1,-1.8803502311500462,-0.6068981929780781,-0.1,1
1654,2017,32,32,PHO,Davon Reed,Miami (FL),3.0,79.0,957.0,284.0,153.0,69.0,0.434,0.391,0.667,12.1,3.6,1.9,0.9,1.4,0.07,-2.1,0.0,-1.4271351298149915,0.8499671013099097,0.0,1
1656,2017,34,34,SAC,Frank Mason III,Kansas,4.0,103.0,1616.0,695.0,204.0,272.0,0.396,0.301,0.755,15.7,6.7,2.0,2.6,1.2,0.035,-2.6,-0.3,-1.3178661722811569,0.8812490897211983,-0.3,1
1668,2017,46,46,PHI,Sterling Brown,SMU,5.0,264.0,4434.0,1431.0,883.0,266.0,0.42,0.364,0.796,16.8,5.4,3.3,1.0,6.5,0.071,-2.1,-0.1,-0.6075414425351118,1.103366322683323,-0.1,1
1669,2017,47,47,IND,Ike Anigbogu,UCLA,2.0,14.0,36.0,13.0,12.0,1.0,0.333,0.0,0.833,2.6,0.9,0.9,0.1,0.0,0.057,-1.1,0.0,-2.0526820231852216,0.028720200222335828,0.0,1
1671,2017,49,49,DEN,Vlatko Čančar,International,3.0,70.0,502.0,164.0,91.0,34.0,0.484,0.333,0.742,7.2,2.3,1.3,0.5,0.8,0.075,-2.5,-0.1,-1.3920419693615849,0.72860247771659,-0.1,1
1676,2017,54,54,PHO,Alec Peters,Valparaiso,1.0,20.0,225.0,82.0,37.0,12.0,0.378,0.31,0.8,11.3,4.1,1.9,0.6,0.3,0.055,-2.8,0.0,-1.62967926683351,1.2107643290957855,0.0,1
1677,2017,55,55,UTA,Nigel Williams-Goss,Gonzaga,1.0,10.0,50.0,14.0,6.0,6.0,0.313,0.286,1.0,5.0,1.4,0.6,0.6,0.0,0.017,-3.9,0.0,-1.566134729787239,2.1082258904763966,0.0,1
1678,2017,56,56,BOS,Jabari Bird,California,1.0,13.0,115.0,39.0,19.0,8.0,0.577,0.429,0.462,8.8,3.0,1.5,0.6,0.2,0.098,-3.1,0.0,-1.5855238514685925,-0.20052857815228664,0.0,1
1681,2017,59,59,SAS,Jaron Blossomgame,Clemson,1.0,27.0,439.0,114.0,98.0,13.0,0.443,0.256,0.769,16.3,4.2,3.6,0.5,0.3,0.03,-3.8,-0.2,-1.5870117083964272,0.6131588961087419,-0.2,1
1684,2018,2,2,SAC,Marvin Bagley III,Duke,4.0,166.0,4159.0,2256.0,1224.0,151.0,0.501,0.291,0.663,25.1,13.6,7.4,0.9,7.3,0.085,-2.1,-0.1,-0.7513348011330966,-0.06201241816430701,-0.1,1
1697,2018,15,15,WAS,Troy Brown Jr.,Oregon,4.0,221.0,4091.0,1408.0,836.0,353.0,0.429,0.337,0.755,18.5,6.4,3.8,1.6,4.9,0.058,-2.0,0.0,-0.731454125340817,0.8074404973432032,0.0,1
1698,2018,16,16,PHO,Zhaire Smith,Texas Tech,2.0,13.0,143.0,48.0,15.0,12.0,0.378,0.316,0.667,11.0,3.7,1.2,0.9,0.0,0.011,-6.1,-0.1,-1.7986712304300219,0.7163588220164822,-0.1,1
1706,2018,24,24,POR,Anfernee Simons,International,4.0,211.0,4375.0,2144.0,456.0,420.0,0.425,0.392,0.833,20.7,10.2,2.2,2.0,4.0,0.043,-2.2,-0.2,-0.5722911792048315,1.4351343608747498,-0.2,1
1720,2018,38,38,PHI,Khyri Thomas,Creighton,3.0,39.0,409.0,160.0,39.0,36.0,0.388,0.316,0.75,10.5,4.1,1.0,0.9,0.5,0.058,-2.7,-0.1,-1.6155753741486825,1.0021454480632708,-0.1,1
1727,2018,45,45,BRK,Hamidou Diallo,Kentucky,4.0,207.0,3917.0,1748.0,813.0,227.0,0.475,0.277,0.634,18.9,8.4,3.9,1.1,4.9,0.06,-2.3,-0.3,-0.9048209328183734,-0.10441965864501392,-0.3,1
1730,2018,48,48,MIN,Keita Bates-Diop,Ohio State,4.0,163.0,2448.0,853.0,490.0,100.0,0.462,0.304,0.714,15.0,5.2,3.0,0.6,3.5,0.068,-2.4,-0.2,-1.1144836051733475,0.45358749302749285,-0.2,1
1731,2018,49,49,SAS,Chimezie Metu,USC,4.0,143.0,2017.0,869.0,516.0,111.0,0.463,0.308,0.762,14.1,6.1,3.6,0.8,2.1,0.05,-2.3,-0.2,-1.0895071230846765,0.6650242361875075,-0.2,1
1732,2018,50,50,IND,Alize Johnson,Missouri State,4.0,72.0,538.0,182.0,218.0,31.0,0.48,0.25,0.721,7.5,2.5,3.0,0.4,1.3,0.12,-2.0,0.0,-1.4880257195492388,0.24792277169523577,0.0,1
1734,2018,52,52,UTA,Vince Edwards,Purdue,1.0,2.0,16.0,3.0,2.0,0.0,0.25,0.25,0.0,8.0,1.5,1.0,0.0,0.0,-0.014,-6.4,0.0,-2.8922184970447247,-1.83114024485871,0.0,1
1735,2018,53,53,OKC,Devon Hall,Virginia,1.0,11.0,81.0,20.0,7.0,13.0,0.2,0.235,0.5,7.4,1.8,0.6,1.2,-0.2,-0.116,-6.7,-0.1,-2.386418977887943,0.24125628571147575,-0.1,1
1737,2018,55,55,CHO,Arnoldas Kulboka,International,1.0,2.0,5.0,0.0,0.0,0.0,0.0,0.0,0.0,2.5,0.0,0.0,0.0,0.0,-0.217,-21.8,0.0,-3.5888327781695044,-2.2126797552022865,0.0,1
1738,2018,56,56,PHI,Ray Spalding,Louisville,2.0,16.0,167.0,58.0,52.0,5.0,0.529,0.0,0.286,10.4,3.6,3.3,0.3,0.1,0.024,-6.2,-0.2,-2.348452638038546,-2.7778164231278217,-0.2,1
1739,2018,57,57,OKC,Kevin Hervey,UT Arlington,1.0,10.0,52.0,17.0,12.0,5.0,0.259,0.15,0.0,5.2,1.7,1.2,0.5,-0.1,-0.085,-5.1,0.0,-2.9751840528734457,-2.3355522351211655,0.0,1
1740,2018,58,58,DEN,Thomas Welsh,UCLA,1.0,11.0,36.0,18.0,4.0,5.0,0.538,0.429,0.5,3.3,1.6,0.4,0.5,0.1,0.162,1.2,0.0,-1.617064298248902,0.07825031917268822,0.0,1
1741,2018,59,59,PHO,George King,Colorado,2.0,5.0,25.0,1.0,6.0,0.0,0.0,0.0,0.5,5.0,0.2,1.2,0.0,-0.1,-0.225,-17.1,-0.1,-2.999631776925423,-0.2277638098072516,-0.1,1
1742,2018,60,60,PHI,Kostas Antetokounmpo,Dayton,3.0,22.0,87.0,21.0,23.0,3.0,0.375,0.0,0.474,4.0,1.0,1.0,0.1,-0.2,-0.098,-9.9,-0.2,-2.3858854069400786,-1.5356575339384646,-0.2,1
1745,2019,3,3,NYK,RJ Barrett,Duke,3.0,198.0,6632.0,3469.0,1101.0,568.0,0.418,0.357,0.697,33.5,17.5,5.6,2.9,5.9,0.042,-2.2,-0.3,-0.40086840553947023,0.6411117068324487,-0.3,1
1756,2019,14,14,BOS,Romeo Langford,Indiana,3.0,98.0,1424.0,353.0,184.0,47.0,0.4,0.3,0.633,14.5,3.6,1.9,0.5,1.5,0.052,-2.9,-0.3,-1.5735113438968873,0.37969379588928054,-0.3,1
1761,2019,19,19,SAS,Luka Šamanić,International,2.0,36.0,356.0,138.0,78.0,21.0,0.43,0.294,0.576,9.9,3.8,2.2,0.6,0.1,0.015,-4.8,-0.3,-1.7804839741846532,0.06839695428296709,-0.3,1
1766,2019,24,24,PHI,Ty Jerome,Virginia,3.0,112.0,1917.0,795.0,215.0,273.0,0.398,0.344,0.784,17.1,7.1,1.9,2.4,1.8,0.046,-1.9,0.0,-1.1934781034680217,1.185931102592409,0.0,1
1767,2019,25,25,POR,Nassir Little,UNC,3.0,138.0,2301.0,802.0,472.0,99.0,0.455,0.317,0.727,16.7,5.8,3.4,0.7,3.4,0.071,-2.3,-0.2,-1.1452290931291087,0.5992272969572279,-0.2,1
1769,2019,27,27,BRK,Mfiondu Kabengele,Florida State,2.0,51.0,344.0,137.0,71.0,19.0,0.388,0.314,0.84,6.7,2.7,1.4,0.4,0.4,0.054,-3.1,-0.1,-1.5004606819135,1.3431682237931593,-0.1,1
1777,2019,35,35,ATL,Didi Louzada,International,2.0,12.0,185.0,43.0,20.0,8.0,0.326,0.355,1.0,15.4,3.6,1.7,0.7,-0.1,-0.034,-8.1,-0.3,-1.4505449508270485,2.3887821068832444,-0.3,1
1779,2019,37,37,DAL,Deividas Sirvydis,International,2.0,23.0,160.0,44.0,35.0,6.0,0.3,0.314,0.5,7.0,1.9,1.5,0.3,-0.1,-0.032,-5.9,-0.2,-2.106712718048938,0.2870087485706734,-0.2,1
1781,2019,39,39,NOP,Alen Smailagić,International,2.0,29.0,223.0,87.0,43.0,17.0,0.463,0.304,0.72,7.7,3.0,1.5,0.6,0.3,0.056,-3.3,-0.1,-1.5758192434774094,0.5902726156167811,-0.1,1
1782,2019,40,40,SAC,Justin James,Wyoming,2.0,72.0,542.0,228.0,62.0,40.0,0.446,0.343,0.544,7.5,3.2,0.9,0.6,0.3,0.024,-3.1,-0.2,-1.6669012315539986,0.1130416278512549,-0.2,1
1783,2019,41,41,GSW,Eric Paschall,Villanova,3.0,158.0,3085.0,1552.0,509.0,214.0,0.494,0.326,0.758,19.5,9.8,3.2,1.4,5.0,0.078,-2.2,-0.1,-0.8606975816903147,0.6200796343747565,-0.1,1
1786,2019,44,44,MIA,Bol Bol,Oregon,3.0,53.0,328.0,142.0,63.0,18.0,0.478,0.378,0.667,6.2,2.7,1.2,0.3,0.2,0.031,-3.1,-0.1,-1.4811421333341395,0.6711528619594279,-0.1,1
1788,2019,46,46,ORL,Talen Horton-Tucker,Iowa State,3.0,131.0,2896.0,1216.0,369.0,346.0,0.437,0.276,0.783,22.1,9.3,2.8,2.6,3.3,0.054,-2.3,-0.2,-1.046670969510969,0.7013025260907833,-0.2,1
1791,2019,49,49,SAS,Quinndary Weatherspoon,Mississippi State,3.0,42.0,272.0,88.0,32.0,24.0,0.452,0.188,0.826,6.5,2.1,0.8,0.6,0.2,0.03,-5.5,-0.2,-1.5836146437106462,0.49707623444499466,-0.2,1
1793,2019,51,51,BOS,Tremont Waters,LSU,3.0,40.0,407.0,149.0,37.0,85.0,0.354,0.296,0.96,10.2,3.7,0.9,2.1,0.1,0.012,-3.0,-0.1,-1.4346356645838556,1.8527449839194554,-0.1,1
1795,2019,53,53,UTA,Justin Wright-Foreman,Hofstra,1.0,4.0,45.0,19.0,5.0,7.0,0.35,0.2,0.75,11.3,4.8,1.3,1.8,0.0,-0.008,-9.0,-0.1,-1.9039515988138747,0.592365986648123,-0.1,1
1796,2019,54,54,PHI,Marial Shayok,Iowa State,1.0,4.0,28.0,11.0,7.0,1.0,0.25,0.333,0.75,7.0,2.8,1.8,0.3,-0.1,-0.13,-13.0,-0.1,-1.917106120958184,1.5393429147036803,-0.1,1
1797,2019,55,55,NYK,Kyle Guy,Virginia,3.0,53.0,431.0,165.0,53.0,50.0,0.361,0.303,0.75,8.1,3.1,1.0,0.9,0.1,0.006,-4.9,-0.3,-1.6470327595755938,1.0219867709758008,-0.3,1
1799,2019,57,57,NOP,Jordan Bone,Tennessee,2.0,24.0,249.0,68.0,28.0,26.0,0.378,0.286,0.0,10.4,2.8,1.2,1.1,0.1,0.01,-5.9,-0.2,-2.582232283082673,-2.080401829337224,-0.2,1
1800,2019,58,58,GSW,Miye Oni,Yale,3.0,80.0,672.0,145.0,108.0,37.0,0.35,0.33,0.75,8.4,1.8,1.4,0.5,1.0,0.07,-2.5,-0.1,-1.5807869082737895,1.168409885446028,-0.1,1
1801,2019,59,59,TOR,Dewan Hernandez,Miami (FL),1.0,6.0,28.0,14.0,14.0,3.0,0.357,0.5,0.6,4.7,2.3,2.3,0.5,0.0,0.043,-9.6,-0.1,-1.720335629299619,1.3886995899054915,-0.1,1
1806,2020,4,4,CHI,Patrick Williams,Florida State,2.0,88.0,2405.0,808.0,396.0,114.0,0.49,0.413,0.729,27.3,9.2,4.5,1.3,3.3,0.067,-2.3,-0.2,-1.0487732687018776,0.970815510358366,-0.2,1
1811,2020,9,9,WAS,Deni Avdija,International,2.0,136.0,3241.0,1027.0,687.0,230.0,0.426,0.316,0.729,23.8,7.6,5.1,1.7,3.6,0.054,-2.3,-0.2,-1.0476362407948767,0.6617693005712958,-0.2,1
1817,2020,15,15,ORL,Cole Anthony,UNC,2.0,112.0,3332.0,1667.0,569.0,561.0,0.393,0.337,0.846,29.8,14.9,5.1,5.0,1.6,0.023,-2.0,0.0,-0.8345670385666747,1.357586649398729,0.0,1
1818,2020,16,16,POR,Isaiah Stewart,Washington,2.0,139.0,3271.0,1126.0,1070.0,141.0,0.529,0.33,0.708,23.5,8.1,7.7,1.0,7.4,0.109,-2.3,-0.2,-0.8237549334523587,0.2584817468387623,-0.2,1
1824,2020,22,22,DEN,Zeke Nnaji,Arizona,2.0,83.0,1095.0,406.0,212.0,27.0,0.503,0.439,0.663,13.2,4.9,2.6,0.3,2.7,0.116,-2.1,0.0,-1.2418320263633182,0.8273130808877907,0.0,1
1825,2020,23,23,NYK,Leandro Bolmaro,International,1.0,35.0,241.0,50.0,43.0,21.0,0.315,0.278,0.846,6.9,1.4,1.2,0.6,0.0,0.004,-5.8,-0.2,-1.6935175582745203,1.4397487662347328,-0.2,1
1829,2020,27,27,UTA,Udoka Azubuike,Kansas,2.0,32.0,252.0,96.0,84.0,0.0,0.707,0.0,0.667,7.9,3.0,2.6,0.0,0.8,0.148,-2.0,0.0,-1.5797366740513685,-1.8419615408219587,0.0,1
1831,2020,29,29,TOR,Malachi Flynn,San Diego State,2.0,91.0,1465.0,542.0,179.0,207.0,0.38,0.326,0.75,16.1,6.0,2.0,2.3,1.8,0.06,-2.2,-0.1,-1.3829830025729268,1.0372514050864117,-0.1,1
1833,2020,31,31,DAL,Tyrell Terry,Stanford,2.0,13.0,59.0,13.0,6.0,6.0,0.353,0.0,0.333,4.5,1.0,0.5,0.5,0.0,-0.035,-4.8,0.0,-2.60293886023509,-2.0207096248065555,0.0,1
1834,2020,32,32,CHO,Vernon Carey Jr.,Duke,2.0,26.0,159.0,66.0,39.0,2.0,0.51,0.143,0.625,6.1,2.5,1.5,0.1,0.2,0.066,-6.5,-0.2,-1.809312120806645,-0.6959413334941599,-0.2,1
1835,2020,33,33,MIN,Daniel Oturu,Minnesota,2.0,33.0,188.0,63.0,53.0,10.0,0.431,0.167,0.706,5.7,1.9,1.6,0.3,0.3,0.086,-5.2,-0.2,-1.8003911939355266,-0.01200281987000251,-0.2,1
1838,2020,36,36,PHI,Tyler Bey,Colorado,1.0,18.0,71.0,18.0,19.0,3.0,0.318,0.25,0.6,3.9,1.0,1.1,0.2,0.0,-0.033,-9.5,-0.1,-2.0517703981601856,0.3289593420423164,-0.1,1
1842,2020,40,40,MEM,Robert Woodard II,Mississippi State,2.0,25.0,87.0,27.0,27.0,5.0,0.278,0.2,0.5,3.5,1.1,1.1,0.2,-0.1,-0.077,-7.7,-0.1,-2.2778206716749767,-0.17963144639018777,-0.1,1
1844,2020,42,42,NOP,Nick Richards,Kentucky,2.0,68.0,430.0,165.0,97.0,15.0,0.646,0.0,0.685,6.3,2.4,1.4,0.2,1.0,0.111,-3.5,-0.2,-1.5875756286970204,-1.5878416832313993,-0.2,1
1845,2020,43,43,SAC,Jahmi'us Ramsey,Texas Tech,2.0,32.0,228.0,100.0,23.0,13.0,0.406,0.27,0.632,7.1,3.1,0.7,0.4,-0.1,-0.023,-5.9,-0.2,-1.8101992225175771,0.2637384899040213,-0.2,1
1846,2020,44,44,CHI,Marko Simonovic,International,1.0,9.0,35.0,17.0,10.0,0.0,0.267,0.2,0.727,3.9,1.9,1.1,0.0,0.0,-0.011,-11.1,-0.1,-2.0611445124505194,0.763965940032895,-0.1,1
1850,2020,48,48,GSW,Nico Mannion,Arizona,1.0,30.0,364.0,123.0,46.0,70.0,0.342,0.367,0.821,12.1,4.1,1.5,2.3,0.2,0.029,-3.9,-0.2,-1.5553301665017523,1.675287312826001,-0.2,1
1855,2020,53,53,OKC,Cassius Winston,Michigan State,2.0,29.0,137.0,55.0,10.0,19.0,0.409,0.435,0.9,4.7,1.9,0.3,0.7,0.1,0.051,-4.9,-0.1,-1.316341454697232,2.101926317292946,-0.1,1
1857,2020,55,55,BRK,Jay Scrubb,John A. Logan College,2.0,22.0,205.0,84.0,30.0,9.0,0.39,0.267,0.8,9.3,3.8,1.4,0.4,-0.1,-0.028,-7.3,-0.3,-1.6598636978572965,0.969901437999094,-0.3,1
1858,2020,56,56,CHO,Grant Riller,College of Charleston,1.0,7.0,27.0,18.0,1.0,3.0,0.667,0.5,0.0,3.9,2.6,0.1,0.4,0.1,0.177,5.1,0.0,-1.9148863449045261,-1.983748513432656,0.0,1
1859,2020,57,57,LAC,Reggie Perry,Mississippi State,2.0,36.0,398.0,170.0,120.0,26.0,0.459,0.189,0.679,11.1,4.7,3.3,0.7,0.4,0.048,-5.5,-0.3,-1.7190684217391148,-0.11683522926087099,-0.3,1
1862,2020,60,60,NOP,Sam Merrill,Utah State University,2.0,36.0,291.0,114.0,37.0,25.0,0.417,0.4,0.75,8.1,3.2,1.0,0.7,0.5,0.088,-1.9,0.0,-1.4891364939942726,1.3081479554963633,0.0,1
